[2024-12-06 12:12:58,891][flwr][WARNING] - DEPRECATED FEATURE: flwr.simulation.start_simulation() is deprecated.
	Instead, use the `flwr run` CLI command to start a local simulation in your Flower app, as shown for example below:

		$ flwr new  # Create a new Flower app from a template

		$ flwr run  # Run the Flower app in Simulation Mode

	Using `start_simulation()` is deprecated.

            This is a deprecated feature. It will be removed
            entirely in future versions of Flower.
        
[2024-12-06 12:12:58,894][flwr][INFO] - Starting Flower simulation, config: num_rounds=10, no round_timeout
[2024-12-06 12:13:07,950][flwr][INFO] - Flower VCE: Ray initialized with resources: {'accelerator_type:G': 1.0, 'node:__internal_head__': 1.0, 'CPU': 8.0, 'object_store_memory': 1952890060.0, 'node:127.0.0.1': 1.0, 'memory': 3905780123.0, 'GPU': 1.0}
[2024-12-06 12:13:07,952][flwr][INFO] - Optimize your simulation with Flower VCE: https://flower.ai/docs/framework/how-to-run-simulations.html
[2024-12-06 12:13:07,952][flwr][INFO] - Flower VCE: Resources for each Virtual Client: {'num_cpus': 2, 'num_gpus': 0.5}
[2024-12-06 12:13:07,964][flwr][INFO] - Flower VCE: Creating VirtualClientEngineActorPool with 2 actors
[2024-12-06 12:13:07,965][flwr][INFO] - [INIT]
[2024-12-06 12:13:07,965][flwr][INFO] - Using initial global parameters provided by strategy
[2024-12-06 12:13:07,965][flwr][INFO] - Starting evaluation of initial global parameters
[2024-12-06 12:13:20,071][flwr][INFO] - initial parameters (loss, other metrics): 0.15107698738574982, {'mae': 0.34617912769317627}
[2024-12-06 12:13:20,072][flwr][INFO] - 
[2024-12-06 12:13:20,072][flwr][INFO] - [ROUND 1]
[2024-12-06 12:13:20,074][flwr][INFO] - configure_fit: strategy sampled 1 clients (out of 1)
[2024-12-06 12:13:22,538][flwr][ERROR] - Traceback (most recent call last):
  File "C:\Users\clara\anaconda3\envs\tf_gpu\lib\site-packages\flwr\simulation\ray_transport\ray_client_proxy.py", line 94, in _submit_job
    out_mssg, updated_context = self.actor_pool.get_client_result(
  File "C:\Users\clara\anaconda3\envs\tf_gpu\lib\site-packages\flwr\simulation\ray_transport\ray_actor.py", line 398, in get_client_result
    return self._fetch_future_result(cid)
  File "C:\Users\clara\anaconda3\envs\tf_gpu\lib\site-packages\flwr\simulation\ray_transport\ray_actor.py", line 279, in _fetch_future_result
    res_cid, out_mssg, updated_context = ray.get(
  File "C:\Users\clara\anaconda3\envs\tf_gpu\lib\site-packages\ray\_private\auto_init_hook.py", line 21, in auto_init_wrapper
    return fn(*args, **kwargs)
  File "C:\Users\clara\anaconda3\envs\tf_gpu\lib\site-packages\ray\_private\client_mode_hook.py", line 103, in wrapper
    return func(*args, **kwargs)
  File "C:\Users\clara\anaconda3\envs\tf_gpu\lib\site-packages\ray\_private\worker.py", line 2753, in get
    values, debugger_breakpoint = worker.get_objects(object_refs, timeout=timeout)
  File "C:\Users\clara\anaconda3\envs\tf_gpu\lib\site-packages\ray\_private\worker.py", line 904, in get_objects
    raise value.as_instanceof_cause()
ray.exceptions.RayTaskError(ClientAppException): [36mray::ClientAppActor.run()[39m (pid=26248, ip=127.0.0.1, actor_id=4fda38394413103f891989e101000000, repr=<flwr.simulation.ray_transport.ray_actor.ClientAppActor object at 0x000001B98CFB0A60>)
  File "C:\Users\clara\anaconda3\envs\tf_gpu\lib\site-packages\flwr\client\client_app.py", line 143, in __call__
    return self._call(message, context)
  File "C:\Users\clara\anaconda3\envs\tf_gpu\lib\site-packages\flwr\client\client_app.py", line 126, in ffn
    out_message = handle_legacy_message_from_msgtype(
  File "C:\Users\clara\anaconda3\envs\tf_gpu\lib\site-packages\flwr\client\message_handler\message_handler.py", line 129, in handle_legacy_message_from_msgtype
    fit_res = maybe_call_fit(
  File "C:\Users\clara\anaconda3\envs\tf_gpu\lib\site-packages\flwr\client\client.py", line 255, in maybe_call_fit
    return client.fit(fit_ins)
  File "C:\Users\clara\anaconda3\envs\tf_gpu\lib\site-packages\flwr\client\numpy_client.py", line 259, in _fit
    results = self.numpy_client.fit(parameters, ins.config)  # type: ignore
  File "C:\Users\clara\Desktop\TFG\Codigo TFG\3.FederatedTraining\client.py", line 28, in fit
    weights = parameters_to_ndarrays(parameters)
  File "C:\Users\clara\anaconda3\envs\tf_gpu\lib\site-packages\flwr\common\parameter.py", line 34, in parameters_to_ndarrays
    return [bytes_to_ndarray(tensor) for tensor in parameters.tensors]
AttributeError: 'list' object has no attribute 'tensors'

The above exception was the direct cause of the following exception:

[36mray::ClientAppActor.run()[39m (pid=26248, ip=127.0.0.1, actor_id=4fda38394413103f891989e101000000, repr=<flwr.simulation.ray_transport.ray_actor.ClientAppActor object at 0x000001B98CFB0A60>)
  File "python\ray\_raylet.pyx", line 1856, in ray._raylet.execute_task
  File "python\ray\_raylet.pyx", line 1957, in ray._raylet.execute_task
  File "python\ray\_raylet.pyx", line 1862, in ray._raylet.execute_task
  File "python\ray\_raylet.pyx", line 1803, in ray._raylet.execute_task.function_executor
  File "C:\Users\clara\anaconda3\envs\tf_gpu\lib\site-packages\ray\_private\function_manager.py", line 696, in actor_method_executor
    return method(__ray_actor, *args, **kwargs)
  File "C:\Users\clara\anaconda3\envs\tf_gpu\lib\site-packages\ray\util\tracing\tracing_helper.py", line 467, in _resume_span
    return method(self, *_args, **_kwargs)
  File "C:\Users\clara\anaconda3\envs\tf_gpu\lib\site-packages\flwr\simulation\ray_transport\ray_actor.py", line 63, in run
    raise ClientAppException(str(ex)) from ex
flwr.client.client_app.ClientAppException: 
Exception ClientAppException occurred. Message: 'list' object has no attribute 'tensors'

[2024-12-06 12:13:22,545][flwr][ERROR] - [36mray::ClientAppActor.run()[39m (pid=26248, ip=127.0.0.1, actor_id=4fda38394413103f891989e101000000, repr=<flwr.simulation.ray_transport.ray_actor.ClientAppActor object at 0x000001B98CFB0A60>)
  File "C:\Users\clara\anaconda3\envs\tf_gpu\lib\site-packages\flwr\client\client_app.py", line 143, in __call__
    return self._call(message, context)
  File "C:\Users\clara\anaconda3\envs\tf_gpu\lib\site-packages\flwr\client\client_app.py", line 126, in ffn
    out_message = handle_legacy_message_from_msgtype(
  File "C:\Users\clara\anaconda3\envs\tf_gpu\lib\site-packages\flwr\client\message_handler\message_handler.py", line 129, in handle_legacy_message_from_msgtype
    fit_res = maybe_call_fit(
  File "C:\Users\clara\anaconda3\envs\tf_gpu\lib\site-packages\flwr\client\client.py", line 255, in maybe_call_fit
    return client.fit(fit_ins)
  File "C:\Users\clara\anaconda3\envs\tf_gpu\lib\site-packages\flwr\client\numpy_client.py", line 259, in _fit
    results = self.numpy_client.fit(parameters, ins.config)  # type: ignore
  File "C:\Users\clara\Desktop\TFG\Codigo TFG\3.FederatedTraining\client.py", line 28, in fit
    weights = parameters_to_ndarrays(parameters)
  File "C:\Users\clara\anaconda3\envs\tf_gpu\lib\site-packages\flwr\common\parameter.py", line 34, in parameters_to_ndarrays
    return [bytes_to_ndarray(tensor) for tensor in parameters.tensors]
AttributeError: 'list' object has no attribute 'tensors'

The above exception was the direct cause of the following exception:

[36mray::ClientAppActor.run()[39m (pid=26248, ip=127.0.0.1, actor_id=4fda38394413103f891989e101000000, repr=<flwr.simulation.ray_transport.ray_actor.ClientAppActor object at 0x000001B98CFB0A60>)
  File "python\ray\_raylet.pyx", line 1856, in ray._raylet.execute_task
  File "python\ray\_raylet.pyx", line 1957, in ray._raylet.execute_task
  File "python\ray\_raylet.pyx", line 1862, in ray._raylet.execute_task
  File "python\ray\_raylet.pyx", line 1803, in ray._raylet.execute_task.function_executor
  File "C:\Users\clara\anaconda3\envs\tf_gpu\lib\site-packages\ray\_private\function_manager.py", line 696, in actor_method_executor
    return method(__ray_actor, *args, **kwargs)
  File "C:\Users\clara\anaconda3\envs\tf_gpu\lib\site-packages\ray\util\tracing\tracing_helper.py", line 467, in _resume_span
    return method(self, *_args, **_kwargs)
  File "C:\Users\clara\anaconda3\envs\tf_gpu\lib\site-packages\flwr\simulation\ray_transport\ray_actor.py", line 63, in run
    raise ClientAppException(str(ex)) from ex
flwr.client.client_app.ClientAppException: 
Exception ClientAppException occurred. Message: 'list' object has no attribute 'tensors'
[2024-12-06 12:13:22,553][flwr][INFO] - aggregate_fit: received 0 results and 1 failures
[2024-12-06 12:13:35,246][flwr][INFO] - fit progress: (1, 0.15107698738574982, {'mae': 0.34617912769317627}, 15.173442300000005)
[2024-12-06 12:13:35,248][flwr][INFO] - configure_evaluate: strategy sampled 1 clients (out of 1)
[2024-12-06 12:13:38,109][flwr][ERROR] - Traceback (most recent call last):
  File "C:\Users\clara\anaconda3\envs\tf_gpu\lib\site-packages\flwr\simulation\ray_transport\ray_client_proxy.py", line 94, in _submit_job
    out_mssg, updated_context = self.actor_pool.get_client_result(
  File "C:\Users\clara\anaconda3\envs\tf_gpu\lib\site-packages\flwr\simulation\ray_transport\ray_actor.py", line 398, in get_client_result
    return self._fetch_future_result(cid)
  File "C:\Users\clara\anaconda3\envs\tf_gpu\lib\site-packages\flwr\simulation\ray_transport\ray_actor.py", line 279, in _fetch_future_result
    res_cid, out_mssg, updated_context = ray.get(
  File "C:\Users\clara\anaconda3\envs\tf_gpu\lib\site-packages\ray\_private\auto_init_hook.py", line 21, in auto_init_wrapper
    return fn(*args, **kwargs)
  File "C:\Users\clara\anaconda3\envs\tf_gpu\lib\site-packages\ray\_private\client_mode_hook.py", line 103, in wrapper
    return func(*args, **kwargs)
  File "C:\Users\clara\anaconda3\envs\tf_gpu\lib\site-packages\ray\_private\worker.py", line 2753, in get
    values, debugger_breakpoint = worker.get_objects(object_refs, timeout=timeout)
  File "C:\Users\clara\anaconda3\envs\tf_gpu\lib\site-packages\ray\_private\worker.py", line 904, in get_objects
    raise value.as_instanceof_cause()
ray.exceptions.RayTaskError(ClientAppException): [36mray::ClientAppActor.run()[39m (pid=26248, ip=127.0.0.1, actor_id=4fda38394413103f891989e101000000, repr=<flwr.simulation.ray_transport.ray_actor.ClientAppActor object at 0x000001B98CFB0A60>)
  File "C:\Users\clara\anaconda3\envs\tf_gpu\lib\site-packages\flwr\client\client_app.py", line 143, in __call__
    return self._call(message, context)
  File "C:\Users\clara\anaconda3\envs\tf_gpu\lib\site-packages\flwr\client\client_app.py", line 126, in ffn
    out_message = handle_legacy_message_from_msgtype(
  File "C:\Users\clara\anaconda3\envs\tf_gpu\lib\site-packages\flwr\client\message_handler\message_handler.py", line 136, in handle_legacy_message_from_msgtype
    evaluate_res = maybe_call_evaluate(
  File "C:\Users\clara\anaconda3\envs\tf_gpu\lib\site-packages\flwr\client\client.py", line 275, in maybe_call_evaluate
    return client.evaluate(evaluate_ins)
  File "C:\Users\clara\anaconda3\envs\tf_gpu\lib\site-packages\flwr\client\numpy_client.py", line 283, in _evaluate
    results = self.numpy_client.evaluate(parameters, ins.config)  # type: ignore
  File "C:\Users\clara\Desktop\TFG\Codigo TFG\3.FederatedTraining\client.py", line 42, in evaluate
    loss, accuracy = self.model.evaluate(self.x_test, self.y_test)
  File "C:\Users\clara\anaconda3\envs\tf_gpu\lib\site-packages\keras\src\utils\traceback_utils.py", line 122, in error_handler
    raise e.with_traceback(filtered_tb) from None
  File "C:\Users\clara\anaconda3\envs\tf_gpu\lib\site-packages\keras\src\trainers\data_adapters\data_adapter_utils.py", line 114, in check_data_cardinality
    raise ValueError(msg)
ValueError: Data cardinality is ambiguous. Make sure all arrays contain the same number of samples.'x' sizes: 16899
'y' sizes: 4212


The above exception was the direct cause of the following exception:

[36mray::ClientAppActor.run()[39m (pid=26248, ip=127.0.0.1, actor_id=4fda38394413103f891989e101000000, repr=<flwr.simulation.ray_transport.ray_actor.ClientAppActor object at 0x000001B98CFB0A60>)
  File "python\ray\_raylet.pyx", line 1856, in ray._raylet.execute_task
  File "python\ray\_raylet.pyx", line 1957, in ray._raylet.execute_task
  File "python\ray\_raylet.pyx", line 1862, in ray._raylet.execute_task
  File "python\ray\_raylet.pyx", line 1803, in ray._raylet.execute_task.function_executor
  File "C:\Users\clara\anaconda3\envs\tf_gpu\lib\site-packages\ray\_private\function_manager.py", line 696, in actor_method_executor
    return method(__ray_actor, *args, **kwargs)
  File "C:\Users\clara\anaconda3\envs\tf_gpu\lib\site-packages\ray\util\tracing\tracing_helper.py", line 467, in _resume_span
    return method(self, *_args, **_kwargs)
  File "C:\Users\clara\anaconda3\envs\tf_gpu\lib\site-packages\flwr\simulation\ray_transport\ray_actor.py", line 63, in run
    raise ClientAppException(str(ex)) from ex
flwr.client.client_app.ClientAppException: 
Exception ClientAppException occurred. Message: Data cardinality is ambiguous. Make sure all arrays contain the same number of samples.'x' sizes: 16899
'y' sizes: 4212

[2024-12-06 12:13:38,122][flwr][ERROR] - [36mray::ClientAppActor.run()[39m (pid=26248, ip=127.0.0.1, actor_id=4fda38394413103f891989e101000000, repr=<flwr.simulation.ray_transport.ray_actor.ClientAppActor object at 0x000001B98CFB0A60>)
  File "C:\Users\clara\anaconda3\envs\tf_gpu\lib\site-packages\flwr\client\client_app.py", line 143, in __call__
    return self._call(message, context)
  File "C:\Users\clara\anaconda3\envs\tf_gpu\lib\site-packages\flwr\client\client_app.py", line 126, in ffn
    out_message = handle_legacy_message_from_msgtype(
  File "C:\Users\clara\anaconda3\envs\tf_gpu\lib\site-packages\flwr\client\message_handler\message_handler.py", line 136, in handle_legacy_message_from_msgtype
    evaluate_res = maybe_call_evaluate(
  File "C:\Users\clara\anaconda3\envs\tf_gpu\lib\site-packages\flwr\client\client.py", line 275, in maybe_call_evaluate
    return client.evaluate(evaluate_ins)
  File "C:\Users\clara\anaconda3\envs\tf_gpu\lib\site-packages\flwr\client\numpy_client.py", line 283, in _evaluate
    results = self.numpy_client.evaluate(parameters, ins.config)  # type: ignore
  File "C:\Users\clara\Desktop\TFG\Codigo TFG\3.FederatedTraining\client.py", line 42, in evaluate
    loss, accuracy = self.model.evaluate(self.x_test, self.y_test)
  File "C:\Users\clara\anaconda3\envs\tf_gpu\lib\site-packages\keras\src\utils\traceback_utils.py", line 122, in error_handler
    raise e.with_traceback(filtered_tb) from None
  File "C:\Users\clara\anaconda3\envs\tf_gpu\lib\site-packages\keras\src\trainers\data_adapters\data_adapter_utils.py", line 114, in check_data_cardinality
    raise ValueError(msg)
ValueError: Data cardinality is ambiguous. Make sure all arrays contain the same number of samples.'x' sizes: 16899
'y' sizes: 4212


The above exception was the direct cause of the following exception:

[36mray::ClientAppActor.run()[39m (pid=26248, ip=127.0.0.1, actor_id=4fda38394413103f891989e101000000, repr=<flwr.simulation.ray_transport.ray_actor.ClientAppActor object at 0x000001B98CFB0A60>)
  File "python\ray\_raylet.pyx", line 1856, in ray._raylet.execute_task
  File "python\ray\_raylet.pyx", line 1957, in ray._raylet.execute_task
  File "python\ray\_raylet.pyx", line 1862, in ray._raylet.execute_task
  File "python\ray\_raylet.pyx", line 1803, in ray._raylet.execute_task.function_executor
  File "C:\Users\clara\anaconda3\envs\tf_gpu\lib\site-packages\ray\_private\function_manager.py", line 696, in actor_method_executor
    return method(__ray_actor, *args, **kwargs)
  File "C:\Users\clara\anaconda3\envs\tf_gpu\lib\site-packages\ray\util\tracing\tracing_helper.py", line 467, in _resume_span
    return method(self, *_args, **_kwargs)
  File "C:\Users\clara\anaconda3\envs\tf_gpu\lib\site-packages\flwr\simulation\ray_transport\ray_actor.py", line 63, in run
    raise ClientAppException(str(ex)) from ex
flwr.client.client_app.ClientAppException: 
Exception ClientAppException occurred. Message: Data cardinality is ambiguous. Make sure all arrays contain the same number of samples.'x' sizes: 16899
'y' sizes: 4212
[2024-12-06 12:13:38,134][flwr][INFO] - aggregate_evaluate: received 0 results and 1 failures
[2024-12-06 12:13:38,135][flwr][INFO] - 
[2024-12-06 12:13:38,136][flwr][INFO] - [ROUND 2]
[2024-12-06 12:13:38,137][flwr][INFO] - configure_fit: strategy sampled 1 clients (out of 1)
[2024-12-06 12:13:40,039][flwr][ERROR] - Traceback (most recent call last):
  File "C:\Users\clara\anaconda3\envs\tf_gpu\lib\site-packages\flwr\simulation\ray_transport\ray_client_proxy.py", line 94, in _submit_job
    out_mssg, updated_context = self.actor_pool.get_client_result(
  File "C:\Users\clara\anaconda3\envs\tf_gpu\lib\site-packages\flwr\simulation\ray_transport\ray_actor.py", line 398, in get_client_result
    return self._fetch_future_result(cid)
  File "C:\Users\clara\anaconda3\envs\tf_gpu\lib\site-packages\flwr\simulation\ray_transport\ray_actor.py", line 279, in _fetch_future_result
    res_cid, out_mssg, updated_context = ray.get(
  File "C:\Users\clara\anaconda3\envs\tf_gpu\lib\site-packages\ray\_private\auto_init_hook.py", line 21, in auto_init_wrapper
    return fn(*args, **kwargs)
  File "C:\Users\clara\anaconda3\envs\tf_gpu\lib\site-packages\ray\_private\client_mode_hook.py", line 103, in wrapper
    return func(*args, **kwargs)
  File "C:\Users\clara\anaconda3\envs\tf_gpu\lib\site-packages\ray\_private\worker.py", line 2753, in get
    values, debugger_breakpoint = worker.get_objects(object_refs, timeout=timeout)
  File "C:\Users\clara\anaconda3\envs\tf_gpu\lib\site-packages\ray\_private\worker.py", line 904, in get_objects
    raise value.as_instanceof_cause()
ray.exceptions.RayTaskError(ClientAppException): [36mray::ClientAppActor.run()[39m (pid=26248, ip=127.0.0.1, actor_id=4fda38394413103f891989e101000000, repr=<flwr.simulation.ray_transport.ray_actor.ClientAppActor object at 0x000001B98CFB0A60>)
  File "C:\Users\clara\anaconda3\envs\tf_gpu\lib\site-packages\flwr\client\client_app.py", line 143, in __call__
    return self._call(message, context)
  File "C:\Users\clara\anaconda3\envs\tf_gpu\lib\site-packages\flwr\client\client_app.py", line 126, in ffn
    out_message = handle_legacy_message_from_msgtype(
  File "C:\Users\clara\anaconda3\envs\tf_gpu\lib\site-packages\flwr\client\message_handler\message_handler.py", line 129, in handle_legacy_message_from_msgtype
    fit_res = maybe_call_fit(
  File "C:\Users\clara\anaconda3\envs\tf_gpu\lib\site-packages\flwr\client\client.py", line 255, in maybe_call_fit
    return client.fit(fit_ins)
  File "C:\Users\clara\anaconda3\envs\tf_gpu\lib\site-packages\flwr\client\numpy_client.py", line 259, in _fit
    results = self.numpy_client.fit(parameters, ins.config)  # type: ignore
  File "C:\Users\clara\Desktop\TFG\Codigo TFG\3.FederatedTraining\client.py", line 28, in fit
    weights = parameters_to_ndarrays(parameters)
  File "C:\Users\clara\anaconda3\envs\tf_gpu\lib\site-packages\flwr\common\parameter.py", line 34, in parameters_to_ndarrays
    return [bytes_to_ndarray(tensor) for tensor in parameters.tensors]
AttributeError: 'list' object has no attribute 'tensors'

The above exception was the direct cause of the following exception:

[36mray::ClientAppActor.run()[39m (pid=26248, ip=127.0.0.1, actor_id=4fda38394413103f891989e101000000, repr=<flwr.simulation.ray_transport.ray_actor.ClientAppActor object at 0x000001B98CFB0A60>)
  File "python\ray\_raylet.pyx", line 1856, in ray._raylet.execute_task
  File "python\ray\_raylet.pyx", line 1957, in ray._raylet.execute_task
  File "python\ray\_raylet.pyx", line 1862, in ray._raylet.execute_task
  File "python\ray\_raylet.pyx", line 1803, in ray._raylet.execute_task.function_executor
  File "C:\Users\clara\anaconda3\envs\tf_gpu\lib\site-packages\ray\_private\function_manager.py", line 696, in actor_method_executor
    return method(__ray_actor, *args, **kwargs)
  File "C:\Users\clara\anaconda3\envs\tf_gpu\lib\site-packages\ray\util\tracing\tracing_helper.py", line 467, in _resume_span
    return method(self, *_args, **_kwargs)
  File "C:\Users\clara\anaconda3\envs\tf_gpu\lib\site-packages\flwr\simulation\ray_transport\ray_actor.py", line 63, in run
    raise ClientAppException(str(ex)) from ex
flwr.client.client_app.ClientAppException: 
Exception ClientAppException occurred. Message: 'list' object has no attribute 'tensors'

[2024-12-06 12:13:40,049][flwr][ERROR] - [36mray::ClientAppActor.run()[39m (pid=26248, ip=127.0.0.1, actor_id=4fda38394413103f891989e101000000, repr=<flwr.simulation.ray_transport.ray_actor.ClientAppActor object at 0x000001B98CFB0A60>)
  File "C:\Users\clara\anaconda3\envs\tf_gpu\lib\site-packages\flwr\client\client_app.py", line 143, in __call__
    return self._call(message, context)
  File "C:\Users\clara\anaconda3\envs\tf_gpu\lib\site-packages\flwr\client\client_app.py", line 126, in ffn
    out_message = handle_legacy_message_from_msgtype(
  File "C:\Users\clara\anaconda3\envs\tf_gpu\lib\site-packages\flwr\client\message_handler\message_handler.py", line 129, in handle_legacy_message_from_msgtype
    fit_res = maybe_call_fit(
  File "C:\Users\clara\anaconda3\envs\tf_gpu\lib\site-packages\flwr\client\client.py", line 255, in maybe_call_fit
    return client.fit(fit_ins)
  File "C:\Users\clara\anaconda3\envs\tf_gpu\lib\site-packages\flwr\client\numpy_client.py", line 259, in _fit
    results = self.numpy_client.fit(parameters, ins.config)  # type: ignore
  File "C:\Users\clara\Desktop\TFG\Codigo TFG\3.FederatedTraining\client.py", line 28, in fit
    weights = parameters_to_ndarrays(parameters)
  File "C:\Users\clara\anaconda3\envs\tf_gpu\lib\site-packages\flwr\common\parameter.py", line 34, in parameters_to_ndarrays
    return [bytes_to_ndarray(tensor) for tensor in parameters.tensors]
AttributeError: 'list' object has no attribute 'tensors'

The above exception was the direct cause of the following exception:

[36mray::ClientAppActor.run()[39m (pid=26248, ip=127.0.0.1, actor_id=4fda38394413103f891989e101000000, repr=<flwr.simulation.ray_transport.ray_actor.ClientAppActor object at 0x000001B98CFB0A60>)
  File "python\ray\_raylet.pyx", line 1856, in ray._raylet.execute_task
  File "python\ray\_raylet.pyx", line 1957, in ray._raylet.execute_task
  File "python\ray\_raylet.pyx", line 1862, in ray._raylet.execute_task
  File "python\ray\_raylet.pyx", line 1803, in ray._raylet.execute_task.function_executor
  File "C:\Users\clara\anaconda3\envs\tf_gpu\lib\site-packages\ray\_private\function_manager.py", line 696, in actor_method_executor
    return method(__ray_actor, *args, **kwargs)
  File "C:\Users\clara\anaconda3\envs\tf_gpu\lib\site-packages\ray\util\tracing\tracing_helper.py", line 467, in _resume_span
    return method(self, *_args, **_kwargs)
  File "C:\Users\clara\anaconda3\envs\tf_gpu\lib\site-packages\flwr\simulation\ray_transport\ray_actor.py", line 63, in run
    raise ClientAppException(str(ex)) from ex
flwr.client.client_app.ClientAppException: 
Exception ClientAppException occurred. Message: 'list' object has no attribute 'tensors'
[2024-12-06 12:13:40,055][flwr][INFO] - aggregate_fit: received 0 results and 1 failures
[2024-12-06 12:13:50,973][flwr][INFO] - fit progress: (2, 0.15107698738574982, {'mae': 0.34617912769317627}, 30.899957)
[2024-12-06 12:13:50,973][flwr][INFO] - configure_evaluate: strategy sampled 1 clients (out of 1)
[2024-12-06 12:13:52,903][flwr][ERROR] - Traceback (most recent call last):
  File "C:\Users\clara\anaconda3\envs\tf_gpu\lib\site-packages\flwr\simulation\ray_transport\ray_client_proxy.py", line 94, in _submit_job
    out_mssg, updated_context = self.actor_pool.get_client_result(
  File "C:\Users\clara\anaconda3\envs\tf_gpu\lib\site-packages\flwr\simulation\ray_transport\ray_actor.py", line 398, in get_client_result
    return self._fetch_future_result(cid)
  File "C:\Users\clara\anaconda3\envs\tf_gpu\lib\site-packages\flwr\simulation\ray_transport\ray_actor.py", line 279, in _fetch_future_result
    res_cid, out_mssg, updated_context = ray.get(
  File "C:\Users\clara\anaconda3\envs\tf_gpu\lib\site-packages\ray\_private\auto_init_hook.py", line 21, in auto_init_wrapper
    return fn(*args, **kwargs)
  File "C:\Users\clara\anaconda3\envs\tf_gpu\lib\site-packages\ray\_private\client_mode_hook.py", line 103, in wrapper
    return func(*args, **kwargs)
  File "C:\Users\clara\anaconda3\envs\tf_gpu\lib\site-packages\ray\_private\worker.py", line 2753, in get
    values, debugger_breakpoint = worker.get_objects(object_refs, timeout=timeout)
  File "C:\Users\clara\anaconda3\envs\tf_gpu\lib\site-packages\ray\_private\worker.py", line 904, in get_objects
    raise value.as_instanceof_cause()
ray.exceptions.RayTaskError(ClientAppException): [36mray::ClientAppActor.run()[39m (pid=26248, ip=127.0.0.1, actor_id=4fda38394413103f891989e101000000, repr=<flwr.simulation.ray_transport.ray_actor.ClientAppActor object at 0x000001B98CFB0A60>)
  File "C:\Users\clara\anaconda3\envs\tf_gpu\lib\site-packages\flwr\client\client_app.py", line 143, in __call__
    return self._call(message, context)
  File "C:\Users\clara\anaconda3\envs\tf_gpu\lib\site-packages\flwr\client\client_app.py", line 126, in ffn
    out_message = handle_legacy_message_from_msgtype(
  File "C:\Users\clara\anaconda3\envs\tf_gpu\lib\site-packages\flwr\client\message_handler\message_handler.py", line 136, in handle_legacy_message_from_msgtype
    evaluate_res = maybe_call_evaluate(
  File "C:\Users\clara\anaconda3\envs\tf_gpu\lib\site-packages\flwr\client\client.py", line 275, in maybe_call_evaluate
    return client.evaluate(evaluate_ins)
  File "C:\Users\clara\anaconda3\envs\tf_gpu\lib\site-packages\flwr\client\numpy_client.py", line 283, in _evaluate
    results = self.numpy_client.evaluate(parameters, ins.config)  # type: ignore
  File "C:\Users\clara\Desktop\TFG\Codigo TFG\3.FederatedTraining\client.py", line 42, in evaluate
    loss, accuracy = self.model.evaluate(self.x_test, self.y_test)
  File "C:\Users\clara\anaconda3\envs\tf_gpu\lib\site-packages\keras\src\utils\traceback_utils.py", line 122, in error_handler
    raise e.with_traceback(filtered_tb) from None
  File "C:\Users\clara\anaconda3\envs\tf_gpu\lib\site-packages\keras\src\trainers\data_adapters\data_adapter_utils.py", line 114, in check_data_cardinality
    raise ValueError(msg)
ValueError: Data cardinality is ambiguous. Make sure all arrays contain the same number of samples.'x' sizes: 16899
'y' sizes: 4212


The above exception was the direct cause of the following exception:

[36mray::ClientAppActor.run()[39m (pid=26248, ip=127.0.0.1, actor_id=4fda38394413103f891989e101000000, repr=<flwr.simulation.ray_transport.ray_actor.ClientAppActor object at 0x000001B98CFB0A60>)
  File "python\ray\_raylet.pyx", line 1856, in ray._raylet.execute_task
  File "python\ray\_raylet.pyx", line 1957, in ray._raylet.execute_task
  File "python\ray\_raylet.pyx", line 1862, in ray._raylet.execute_task
  File "python\ray\_raylet.pyx", line 1803, in ray._raylet.execute_task.function_executor
  File "C:\Users\clara\anaconda3\envs\tf_gpu\lib\site-packages\ray\_private\function_manager.py", line 696, in actor_method_executor
    return method(__ray_actor, *args, **kwargs)
  File "C:\Users\clara\anaconda3\envs\tf_gpu\lib\site-packages\ray\util\tracing\tracing_helper.py", line 467, in _resume_span
    return method(self, *_args, **_kwargs)
  File "C:\Users\clara\anaconda3\envs\tf_gpu\lib\site-packages\flwr\simulation\ray_transport\ray_actor.py", line 63, in run
    raise ClientAppException(str(ex)) from ex
flwr.client.client_app.ClientAppException: 
Exception ClientAppException occurred. Message: Data cardinality is ambiguous. Make sure all arrays contain the same number of samples.'x' sizes: 16899
'y' sizes: 4212

[2024-12-06 12:13:52,915][flwr][ERROR] - [36mray::ClientAppActor.run()[39m (pid=26248, ip=127.0.0.1, actor_id=4fda38394413103f891989e101000000, repr=<flwr.simulation.ray_transport.ray_actor.ClientAppActor object at 0x000001B98CFB0A60>)
  File "C:\Users\clara\anaconda3\envs\tf_gpu\lib\site-packages\flwr\client\client_app.py", line 143, in __call__
    return self._call(message, context)
  File "C:\Users\clara\anaconda3\envs\tf_gpu\lib\site-packages\flwr\client\client_app.py", line 126, in ffn
    out_message = handle_legacy_message_from_msgtype(
  File "C:\Users\clara\anaconda3\envs\tf_gpu\lib\site-packages\flwr\client\message_handler\message_handler.py", line 136, in handle_legacy_message_from_msgtype
    evaluate_res = maybe_call_evaluate(
  File "C:\Users\clara\anaconda3\envs\tf_gpu\lib\site-packages\flwr\client\client.py", line 275, in maybe_call_evaluate
    return client.evaluate(evaluate_ins)
  File "C:\Users\clara\anaconda3\envs\tf_gpu\lib\site-packages\flwr\client\numpy_client.py", line 283, in _evaluate
    results = self.numpy_client.evaluate(parameters, ins.config)  # type: ignore
  File "C:\Users\clara\Desktop\TFG\Codigo TFG\3.FederatedTraining\client.py", line 42, in evaluate
    loss, accuracy = self.model.evaluate(self.x_test, self.y_test)
  File "C:\Users\clara\anaconda3\envs\tf_gpu\lib\site-packages\keras\src\utils\traceback_utils.py", line 122, in error_handler
    raise e.with_traceback(filtered_tb) from None
  File "C:\Users\clara\anaconda3\envs\tf_gpu\lib\site-packages\keras\src\trainers\data_adapters\data_adapter_utils.py", line 114, in check_data_cardinality
    raise ValueError(msg)
ValueError: Data cardinality is ambiguous. Make sure all arrays contain the same number of samples.'x' sizes: 16899
'y' sizes: 4212


The above exception was the direct cause of the following exception:

[36mray::ClientAppActor.run()[39m (pid=26248, ip=127.0.0.1, actor_id=4fda38394413103f891989e101000000, repr=<flwr.simulation.ray_transport.ray_actor.ClientAppActor object at 0x000001B98CFB0A60>)
  File "python\ray\_raylet.pyx", line 1856, in ray._raylet.execute_task
  File "python\ray\_raylet.pyx", line 1957, in ray._raylet.execute_task
  File "python\ray\_raylet.pyx", line 1862, in ray._raylet.execute_task
  File "python\ray\_raylet.pyx", line 1803, in ray._raylet.execute_task.function_executor
  File "C:\Users\clara\anaconda3\envs\tf_gpu\lib\site-packages\ray\_private\function_manager.py", line 696, in actor_method_executor
    return method(__ray_actor, *args, **kwargs)
  File "C:\Users\clara\anaconda3\envs\tf_gpu\lib\site-packages\ray\util\tracing\tracing_helper.py", line 467, in _resume_span
    return method(self, *_args, **_kwargs)
  File "C:\Users\clara\anaconda3\envs\tf_gpu\lib\site-packages\flwr\simulation\ray_transport\ray_actor.py", line 63, in run
    raise ClientAppException(str(ex)) from ex
flwr.client.client_app.ClientAppException: 
Exception ClientAppException occurred. Message: Data cardinality is ambiguous. Make sure all arrays contain the same number of samples.'x' sizes: 16899
'y' sizes: 4212
[2024-12-06 12:13:52,926][flwr][INFO] - aggregate_evaluate: received 0 results and 1 failures
[2024-12-06 12:13:52,927][flwr][INFO] - 
[2024-12-06 12:13:52,927][flwr][INFO] - [ROUND 3]
[2024-12-06 12:13:52,928][flwr][INFO] - configure_fit: strategy sampled 1 clients (out of 1)
[2024-12-06 12:13:54,651][flwr][ERROR] - Traceback (most recent call last):
  File "C:\Users\clara\anaconda3\envs\tf_gpu\lib\site-packages\flwr\simulation\ray_transport\ray_client_proxy.py", line 94, in _submit_job
    out_mssg, updated_context = self.actor_pool.get_client_result(
  File "C:\Users\clara\anaconda3\envs\tf_gpu\lib\site-packages\flwr\simulation\ray_transport\ray_actor.py", line 398, in get_client_result
    return self._fetch_future_result(cid)
  File "C:\Users\clara\anaconda3\envs\tf_gpu\lib\site-packages\flwr\simulation\ray_transport\ray_actor.py", line 279, in _fetch_future_result
    res_cid, out_mssg, updated_context = ray.get(
  File "C:\Users\clara\anaconda3\envs\tf_gpu\lib\site-packages\ray\_private\auto_init_hook.py", line 21, in auto_init_wrapper
    return fn(*args, **kwargs)
  File "C:\Users\clara\anaconda3\envs\tf_gpu\lib\site-packages\ray\_private\client_mode_hook.py", line 103, in wrapper
    return func(*args, **kwargs)
  File "C:\Users\clara\anaconda3\envs\tf_gpu\lib\site-packages\ray\_private\worker.py", line 2753, in get
    values, debugger_breakpoint = worker.get_objects(object_refs, timeout=timeout)
  File "C:\Users\clara\anaconda3\envs\tf_gpu\lib\site-packages\ray\_private\worker.py", line 904, in get_objects
    raise value.as_instanceof_cause()
ray.exceptions.RayTaskError(ClientAppException): [36mray::ClientAppActor.run()[39m (pid=26248, ip=127.0.0.1, actor_id=4fda38394413103f891989e101000000, repr=<flwr.simulation.ray_transport.ray_actor.ClientAppActor object at 0x000001B98CFB0A60>)
  File "C:\Users\clara\anaconda3\envs\tf_gpu\lib\site-packages\flwr\client\client_app.py", line 143, in __call__
    return self._call(message, context)
  File "C:\Users\clara\anaconda3\envs\tf_gpu\lib\site-packages\flwr\client\client_app.py", line 126, in ffn
    out_message = handle_legacy_message_from_msgtype(
  File "C:\Users\clara\anaconda3\envs\tf_gpu\lib\site-packages\flwr\client\message_handler\message_handler.py", line 129, in handle_legacy_message_from_msgtype
    fit_res = maybe_call_fit(
  File "C:\Users\clara\anaconda3\envs\tf_gpu\lib\site-packages\flwr\client\client.py", line 255, in maybe_call_fit
    return client.fit(fit_ins)
  File "C:\Users\clara\anaconda3\envs\tf_gpu\lib\site-packages\flwr\client\numpy_client.py", line 259, in _fit
    results = self.numpy_client.fit(parameters, ins.config)  # type: ignore
  File "C:\Users\clara\Desktop\TFG\Codigo TFG\3.FederatedTraining\client.py", line 28, in fit
    weights = parameters_to_ndarrays(parameters)
  File "C:\Users\clara\anaconda3\envs\tf_gpu\lib\site-packages\flwr\common\parameter.py", line 34, in parameters_to_ndarrays
    return [bytes_to_ndarray(tensor) for tensor in parameters.tensors]
AttributeError: 'list' object has no attribute 'tensors'

The above exception was the direct cause of the following exception:

[36mray::ClientAppActor.run()[39m (pid=26248, ip=127.0.0.1, actor_id=4fda38394413103f891989e101000000, repr=<flwr.simulation.ray_transport.ray_actor.ClientAppActor object at 0x000001B98CFB0A60>)
  File "python\ray\_raylet.pyx", line 1856, in ray._raylet.execute_task
  File "python\ray\_raylet.pyx", line 1957, in ray._raylet.execute_task
  File "python\ray\_raylet.pyx", line 1862, in ray._raylet.execute_task
  File "python\ray\_raylet.pyx", line 1803, in ray._raylet.execute_task.function_executor
  File "C:\Users\clara\anaconda3\envs\tf_gpu\lib\site-packages\ray\_private\function_manager.py", line 696, in actor_method_executor
    return method(__ray_actor, *args, **kwargs)
  File "C:\Users\clara\anaconda3\envs\tf_gpu\lib\site-packages\ray\util\tracing\tracing_helper.py", line 467, in _resume_span
    return method(self, *_args, **_kwargs)
  File "C:\Users\clara\anaconda3\envs\tf_gpu\lib\site-packages\flwr\simulation\ray_transport\ray_actor.py", line 63, in run
    raise ClientAppException(str(ex)) from ex
flwr.client.client_app.ClientAppException: 
Exception ClientAppException occurred. Message: 'list' object has no attribute 'tensors'

[2024-12-06 12:13:54,664][flwr][ERROR] - [36mray::ClientAppActor.run()[39m (pid=26248, ip=127.0.0.1, actor_id=4fda38394413103f891989e101000000, repr=<flwr.simulation.ray_transport.ray_actor.ClientAppActor object at 0x000001B98CFB0A60>)
  File "C:\Users\clara\anaconda3\envs\tf_gpu\lib\site-packages\flwr\client\client_app.py", line 143, in __call__
    return self._call(message, context)
  File "C:\Users\clara\anaconda3\envs\tf_gpu\lib\site-packages\flwr\client\client_app.py", line 126, in ffn
    out_message = handle_legacy_message_from_msgtype(
  File "C:\Users\clara\anaconda3\envs\tf_gpu\lib\site-packages\flwr\client\message_handler\message_handler.py", line 129, in handle_legacy_message_from_msgtype
    fit_res = maybe_call_fit(
  File "C:\Users\clara\anaconda3\envs\tf_gpu\lib\site-packages\flwr\client\client.py", line 255, in maybe_call_fit
    return client.fit(fit_ins)
  File "C:\Users\clara\anaconda3\envs\tf_gpu\lib\site-packages\flwr\client\numpy_client.py", line 259, in _fit
    results = self.numpy_client.fit(parameters, ins.config)  # type: ignore
  File "C:\Users\clara\Desktop\TFG\Codigo TFG\3.FederatedTraining\client.py", line 28, in fit
    weights = parameters_to_ndarrays(parameters)
  File "C:\Users\clara\anaconda3\envs\tf_gpu\lib\site-packages\flwr\common\parameter.py", line 34, in parameters_to_ndarrays
    return [bytes_to_ndarray(tensor) for tensor in parameters.tensors]
AttributeError: 'list' object has no attribute 'tensors'

The above exception was the direct cause of the following exception:

[36mray::ClientAppActor.run()[39m (pid=26248, ip=127.0.0.1, actor_id=4fda38394413103f891989e101000000, repr=<flwr.simulation.ray_transport.ray_actor.ClientAppActor object at 0x000001B98CFB0A60>)
  File "python\ray\_raylet.pyx", line 1856, in ray._raylet.execute_task
  File "python\ray\_raylet.pyx", line 1957, in ray._raylet.execute_task
  File "python\ray\_raylet.pyx", line 1862, in ray._raylet.execute_task
  File "python\ray\_raylet.pyx", line 1803, in ray._raylet.execute_task.function_executor
  File "C:\Users\clara\anaconda3\envs\tf_gpu\lib\site-packages\ray\_private\function_manager.py", line 696, in actor_method_executor
    return method(__ray_actor, *args, **kwargs)
  File "C:\Users\clara\anaconda3\envs\tf_gpu\lib\site-packages\ray\util\tracing\tracing_helper.py", line 467, in _resume_span
    return method(self, *_args, **_kwargs)
  File "C:\Users\clara\anaconda3\envs\tf_gpu\lib\site-packages\flwr\simulation\ray_transport\ray_actor.py", line 63, in run
    raise ClientAppException(str(ex)) from ex
flwr.client.client_app.ClientAppException: 
Exception ClientAppException occurred. Message: 'list' object has no attribute 'tensors'
[2024-12-06 12:13:54,672][flwr][INFO] - aggregate_fit: received 0 results and 1 failures
[2024-12-06 12:14:05,457][flwr][INFO] - fit progress: (3, 0.15107698738574982, {'mae': 0.34617912769317627}, 45.3848895)
[2024-12-06 12:14:05,458][flwr][INFO] - configure_evaluate: strategy sampled 1 clients (out of 1)
[2024-12-06 12:14:07,295][flwr][ERROR] - Traceback (most recent call last):
  File "C:\Users\clara\anaconda3\envs\tf_gpu\lib\site-packages\flwr\simulation\ray_transport\ray_client_proxy.py", line 94, in _submit_job
    out_mssg, updated_context = self.actor_pool.get_client_result(
  File "C:\Users\clara\anaconda3\envs\tf_gpu\lib\site-packages\flwr\simulation\ray_transport\ray_actor.py", line 398, in get_client_result
    return self._fetch_future_result(cid)
  File "C:\Users\clara\anaconda3\envs\tf_gpu\lib\site-packages\flwr\simulation\ray_transport\ray_actor.py", line 279, in _fetch_future_result
    res_cid, out_mssg, updated_context = ray.get(
  File "C:\Users\clara\anaconda3\envs\tf_gpu\lib\site-packages\ray\_private\auto_init_hook.py", line 21, in auto_init_wrapper
    return fn(*args, **kwargs)
  File "C:\Users\clara\anaconda3\envs\tf_gpu\lib\site-packages\ray\_private\client_mode_hook.py", line 103, in wrapper
    return func(*args, **kwargs)
  File "C:\Users\clara\anaconda3\envs\tf_gpu\lib\site-packages\ray\_private\worker.py", line 2753, in get
    values, debugger_breakpoint = worker.get_objects(object_refs, timeout=timeout)
  File "C:\Users\clara\anaconda3\envs\tf_gpu\lib\site-packages\ray\_private\worker.py", line 904, in get_objects
    raise value.as_instanceof_cause()
ray.exceptions.RayTaskError(ClientAppException): [36mray::ClientAppActor.run()[39m (pid=26248, ip=127.0.0.1, actor_id=4fda38394413103f891989e101000000, repr=<flwr.simulation.ray_transport.ray_actor.ClientAppActor object at 0x000001B98CFB0A60>)
  File "C:\Users\clara\anaconda3\envs\tf_gpu\lib\site-packages\flwr\client\client_app.py", line 143, in __call__
    return self._call(message, context)
  File "C:\Users\clara\anaconda3\envs\tf_gpu\lib\site-packages\flwr\client\client_app.py", line 126, in ffn
    out_message = handle_legacy_message_from_msgtype(
  File "C:\Users\clara\anaconda3\envs\tf_gpu\lib\site-packages\flwr\client\message_handler\message_handler.py", line 136, in handle_legacy_message_from_msgtype
    evaluate_res = maybe_call_evaluate(
  File "C:\Users\clara\anaconda3\envs\tf_gpu\lib\site-packages\flwr\client\client.py", line 275, in maybe_call_evaluate
    return client.evaluate(evaluate_ins)
  File "C:\Users\clara\anaconda3\envs\tf_gpu\lib\site-packages\flwr\client\numpy_client.py", line 283, in _evaluate
    results = self.numpy_client.evaluate(parameters, ins.config)  # type: ignore
  File "C:\Users\clara\Desktop\TFG\Codigo TFG\3.FederatedTraining\client.py", line 42, in evaluate
    loss, accuracy = self.model.evaluate(self.x_test, self.y_test)
  File "C:\Users\clara\anaconda3\envs\tf_gpu\lib\site-packages\keras\src\utils\traceback_utils.py", line 122, in error_handler
    raise e.with_traceback(filtered_tb) from None
  File "C:\Users\clara\anaconda3\envs\tf_gpu\lib\site-packages\keras\src\trainers\data_adapters\data_adapter_utils.py", line 114, in check_data_cardinality
    raise ValueError(msg)
ValueError: Data cardinality is ambiguous. Make sure all arrays contain the same number of samples.'x' sizes: 16899
'y' sizes: 4212


The above exception was the direct cause of the following exception:

[36mray::ClientAppActor.run()[39m (pid=26248, ip=127.0.0.1, actor_id=4fda38394413103f891989e101000000, repr=<flwr.simulation.ray_transport.ray_actor.ClientAppActor object at 0x000001B98CFB0A60>)
  File "python\ray\_raylet.pyx", line 1856, in ray._raylet.execute_task
  File "python\ray\_raylet.pyx", line 1957, in ray._raylet.execute_task
  File "python\ray\_raylet.pyx", line 1862, in ray._raylet.execute_task
  File "python\ray\_raylet.pyx", line 1803, in ray._raylet.execute_task.function_executor
  File "C:\Users\clara\anaconda3\envs\tf_gpu\lib\site-packages\ray\_private\function_manager.py", line 696, in actor_method_executor
    return method(__ray_actor, *args, **kwargs)
  File "C:\Users\clara\anaconda3\envs\tf_gpu\lib\site-packages\ray\util\tracing\tracing_helper.py", line 467, in _resume_span
    return method(self, *_args, **_kwargs)
  File "C:\Users\clara\anaconda3\envs\tf_gpu\lib\site-packages\flwr\simulation\ray_transport\ray_actor.py", line 63, in run
    raise ClientAppException(str(ex)) from ex
flwr.client.client_app.ClientAppException: 
Exception ClientAppException occurred. Message: Data cardinality is ambiguous. Make sure all arrays contain the same number of samples.'x' sizes: 16899
'y' sizes: 4212

[2024-12-06 12:14:07,307][flwr][ERROR] - [36mray::ClientAppActor.run()[39m (pid=26248, ip=127.0.0.1, actor_id=4fda38394413103f891989e101000000, repr=<flwr.simulation.ray_transport.ray_actor.ClientAppActor object at 0x000001B98CFB0A60>)
  File "C:\Users\clara\anaconda3\envs\tf_gpu\lib\site-packages\flwr\client\client_app.py", line 143, in __call__
    return self._call(message, context)
  File "C:\Users\clara\anaconda3\envs\tf_gpu\lib\site-packages\flwr\client\client_app.py", line 126, in ffn
    out_message = handle_legacy_message_from_msgtype(
  File "C:\Users\clara\anaconda3\envs\tf_gpu\lib\site-packages\flwr\client\message_handler\message_handler.py", line 136, in handle_legacy_message_from_msgtype
    evaluate_res = maybe_call_evaluate(
  File "C:\Users\clara\anaconda3\envs\tf_gpu\lib\site-packages\flwr\client\client.py", line 275, in maybe_call_evaluate
    return client.evaluate(evaluate_ins)
  File "C:\Users\clara\anaconda3\envs\tf_gpu\lib\site-packages\flwr\client\numpy_client.py", line 283, in _evaluate
    results = self.numpy_client.evaluate(parameters, ins.config)  # type: ignore
  File "C:\Users\clara\Desktop\TFG\Codigo TFG\3.FederatedTraining\client.py", line 42, in evaluate
    loss, accuracy = self.model.evaluate(self.x_test, self.y_test)
  File "C:\Users\clara\anaconda3\envs\tf_gpu\lib\site-packages\keras\src\utils\traceback_utils.py", line 122, in error_handler
    raise e.with_traceback(filtered_tb) from None
  File "C:\Users\clara\anaconda3\envs\tf_gpu\lib\site-packages\keras\src\trainers\data_adapters\data_adapter_utils.py", line 114, in check_data_cardinality
    raise ValueError(msg)
ValueError: Data cardinality is ambiguous. Make sure all arrays contain the same number of samples.'x' sizes: 16899
'y' sizes: 4212


The above exception was the direct cause of the following exception:

[36mray::ClientAppActor.run()[39m (pid=26248, ip=127.0.0.1, actor_id=4fda38394413103f891989e101000000, repr=<flwr.simulation.ray_transport.ray_actor.ClientAppActor object at 0x000001B98CFB0A60>)
  File "python\ray\_raylet.pyx", line 1856, in ray._raylet.execute_task
  File "python\ray\_raylet.pyx", line 1957, in ray._raylet.execute_task
  File "python\ray\_raylet.pyx", line 1862, in ray._raylet.execute_task
  File "python\ray\_raylet.pyx", line 1803, in ray._raylet.execute_task.function_executor
  File "C:\Users\clara\anaconda3\envs\tf_gpu\lib\site-packages\ray\_private\function_manager.py", line 696, in actor_method_executor
    return method(__ray_actor, *args, **kwargs)
  File "C:\Users\clara\anaconda3\envs\tf_gpu\lib\site-packages\ray\util\tracing\tracing_helper.py", line 467, in _resume_span
    return method(self, *_args, **_kwargs)
  File "C:\Users\clara\anaconda3\envs\tf_gpu\lib\site-packages\flwr\simulation\ray_transport\ray_actor.py", line 63, in run
    raise ClientAppException(str(ex)) from ex
flwr.client.client_app.ClientAppException: 
Exception ClientAppException occurred. Message: Data cardinality is ambiguous. Make sure all arrays contain the same number of samples.'x' sizes: 16899
'y' sizes: 4212
[2024-12-06 12:14:07,317][flwr][INFO] - aggregate_evaluate: received 0 results and 1 failures
[2024-12-06 12:14:07,317][flwr][INFO] - 
[2024-12-06 12:14:07,318][flwr][INFO] - [ROUND 4]
[2024-12-06 12:14:07,318][flwr][INFO] - configure_fit: strategy sampled 1 clients (out of 1)
[2024-12-06 12:14:09,095][flwr][ERROR] - Traceback (most recent call last):
  File "C:\Users\clara\anaconda3\envs\tf_gpu\lib\site-packages\flwr\simulation\ray_transport\ray_client_proxy.py", line 94, in _submit_job
    out_mssg, updated_context = self.actor_pool.get_client_result(
  File "C:\Users\clara\anaconda3\envs\tf_gpu\lib\site-packages\flwr\simulation\ray_transport\ray_actor.py", line 398, in get_client_result
    return self._fetch_future_result(cid)
  File "C:\Users\clara\anaconda3\envs\tf_gpu\lib\site-packages\flwr\simulation\ray_transport\ray_actor.py", line 279, in _fetch_future_result
    res_cid, out_mssg, updated_context = ray.get(
  File "C:\Users\clara\anaconda3\envs\tf_gpu\lib\site-packages\ray\_private\auto_init_hook.py", line 21, in auto_init_wrapper
    return fn(*args, **kwargs)
  File "C:\Users\clara\anaconda3\envs\tf_gpu\lib\site-packages\ray\_private\client_mode_hook.py", line 103, in wrapper
    return func(*args, **kwargs)
  File "C:\Users\clara\anaconda3\envs\tf_gpu\lib\site-packages\ray\_private\worker.py", line 2753, in get
    values, debugger_breakpoint = worker.get_objects(object_refs, timeout=timeout)
  File "C:\Users\clara\anaconda3\envs\tf_gpu\lib\site-packages\ray\_private\worker.py", line 904, in get_objects
    raise value.as_instanceof_cause()
ray.exceptions.RayTaskError(ClientAppException): [36mray::ClientAppActor.run()[39m (pid=26248, ip=127.0.0.1, actor_id=4fda38394413103f891989e101000000, repr=<flwr.simulation.ray_transport.ray_actor.ClientAppActor object at 0x000001B98CFB0A60>)
  File "C:\Users\clara\anaconda3\envs\tf_gpu\lib\site-packages\flwr\client\client_app.py", line 143, in __call__
    return self._call(message, context)
  File "C:\Users\clara\anaconda3\envs\tf_gpu\lib\site-packages\flwr\client\client_app.py", line 126, in ffn
    out_message = handle_legacy_message_from_msgtype(
  File "C:\Users\clara\anaconda3\envs\tf_gpu\lib\site-packages\flwr\client\message_handler\message_handler.py", line 129, in handle_legacy_message_from_msgtype
    fit_res = maybe_call_fit(
  File "C:\Users\clara\anaconda3\envs\tf_gpu\lib\site-packages\flwr\client\client.py", line 255, in maybe_call_fit
    return client.fit(fit_ins)
  File "C:\Users\clara\anaconda3\envs\tf_gpu\lib\site-packages\flwr\client\numpy_client.py", line 259, in _fit
    results = self.numpy_client.fit(parameters, ins.config)  # type: ignore
  File "C:\Users\clara\Desktop\TFG\Codigo TFG\3.FederatedTraining\client.py", line 28, in fit
    weights = parameters_to_ndarrays(parameters)
  File "C:\Users\clara\anaconda3\envs\tf_gpu\lib\site-packages\flwr\common\parameter.py", line 34, in parameters_to_ndarrays
    return [bytes_to_ndarray(tensor) for tensor in parameters.tensors]
AttributeError: 'list' object has no attribute 'tensors'

The above exception was the direct cause of the following exception:

[36mray::ClientAppActor.run()[39m (pid=26248, ip=127.0.0.1, actor_id=4fda38394413103f891989e101000000, repr=<flwr.simulation.ray_transport.ray_actor.ClientAppActor object at 0x000001B98CFB0A60>)
  File "python\ray\_raylet.pyx", line 1856, in ray._raylet.execute_task
  File "python\ray\_raylet.pyx", line 1957, in ray._raylet.execute_task
  File "python\ray\_raylet.pyx", line 1862, in ray._raylet.execute_task
  File "python\ray\_raylet.pyx", line 1803, in ray._raylet.execute_task.function_executor
  File "C:\Users\clara\anaconda3\envs\tf_gpu\lib\site-packages\ray\_private\function_manager.py", line 696, in actor_method_executor
    return method(__ray_actor, *args, **kwargs)
  File "C:\Users\clara\anaconda3\envs\tf_gpu\lib\site-packages\ray\util\tracing\tracing_helper.py", line 467, in _resume_span
    return method(self, *_args, **_kwargs)
  File "C:\Users\clara\anaconda3\envs\tf_gpu\lib\site-packages\flwr\simulation\ray_transport\ray_actor.py", line 63, in run
    raise ClientAppException(str(ex)) from ex
flwr.client.client_app.ClientAppException: 
Exception ClientAppException occurred. Message: 'list' object has no attribute 'tensors'

[2024-12-06 12:14:09,113][flwr][ERROR] - [36mray::ClientAppActor.run()[39m (pid=26248, ip=127.0.0.1, actor_id=4fda38394413103f891989e101000000, repr=<flwr.simulation.ray_transport.ray_actor.ClientAppActor object at 0x000001B98CFB0A60>)
  File "C:\Users\clara\anaconda3\envs\tf_gpu\lib\site-packages\flwr\client\client_app.py", line 143, in __call__
    return self._call(message, context)
  File "C:\Users\clara\anaconda3\envs\tf_gpu\lib\site-packages\flwr\client\client_app.py", line 126, in ffn
    out_message = handle_legacy_message_from_msgtype(
  File "C:\Users\clara\anaconda3\envs\tf_gpu\lib\site-packages\flwr\client\message_handler\message_handler.py", line 129, in handle_legacy_message_from_msgtype
    fit_res = maybe_call_fit(
  File "C:\Users\clara\anaconda3\envs\tf_gpu\lib\site-packages\flwr\client\client.py", line 255, in maybe_call_fit
    return client.fit(fit_ins)
  File "C:\Users\clara\anaconda3\envs\tf_gpu\lib\site-packages\flwr\client\numpy_client.py", line 259, in _fit
    results = self.numpy_client.fit(parameters, ins.config)  # type: ignore
  File "C:\Users\clara\Desktop\TFG\Codigo TFG\3.FederatedTraining\client.py", line 28, in fit
    weights = parameters_to_ndarrays(parameters)
  File "C:\Users\clara\anaconda3\envs\tf_gpu\lib\site-packages\flwr\common\parameter.py", line 34, in parameters_to_ndarrays
    return [bytes_to_ndarray(tensor) for tensor in parameters.tensors]
AttributeError: 'list' object has no attribute 'tensors'

The above exception was the direct cause of the following exception:

[36mray::ClientAppActor.run()[39m (pid=26248, ip=127.0.0.1, actor_id=4fda38394413103f891989e101000000, repr=<flwr.simulation.ray_transport.ray_actor.ClientAppActor object at 0x000001B98CFB0A60>)
  File "python\ray\_raylet.pyx", line 1856, in ray._raylet.execute_task
  File "python\ray\_raylet.pyx", line 1957, in ray._raylet.execute_task
  File "python\ray\_raylet.pyx", line 1862, in ray._raylet.execute_task
  File "python\ray\_raylet.pyx", line 1803, in ray._raylet.execute_task.function_executor
  File "C:\Users\clara\anaconda3\envs\tf_gpu\lib\site-packages\ray\_private\function_manager.py", line 696, in actor_method_executor
    return method(__ray_actor, *args, **kwargs)
  File "C:\Users\clara\anaconda3\envs\tf_gpu\lib\site-packages\ray\util\tracing\tracing_helper.py", line 467, in _resume_span
    return method(self, *_args, **_kwargs)
  File "C:\Users\clara\anaconda3\envs\tf_gpu\lib\site-packages\flwr\simulation\ray_transport\ray_actor.py", line 63, in run
    raise ClientAppException(str(ex)) from ex
flwr.client.client_app.ClientAppException: 
Exception ClientAppException occurred. Message: 'list' object has no attribute 'tensors'
[2024-12-06 12:14:09,125][flwr][INFO] - aggregate_fit: received 0 results and 1 failures
[2024-12-06 12:14:19,872][flwr][INFO] - fit progress: (4, 0.15107698738574982, {'mae': 0.34617912769317627}, 59.800021900000004)
[2024-12-06 12:14:19,873][flwr][INFO] - configure_evaluate: strategy sampled 1 clients (out of 1)
[2024-12-06 12:14:21,493][flwr][ERROR] - Traceback (most recent call last):
  File "C:\Users\clara\anaconda3\envs\tf_gpu\lib\site-packages\flwr\simulation\ray_transport\ray_client_proxy.py", line 94, in _submit_job
    out_mssg, updated_context = self.actor_pool.get_client_result(
  File "C:\Users\clara\anaconda3\envs\tf_gpu\lib\site-packages\flwr\simulation\ray_transport\ray_actor.py", line 398, in get_client_result
    return self._fetch_future_result(cid)
  File "C:\Users\clara\anaconda3\envs\tf_gpu\lib\site-packages\flwr\simulation\ray_transport\ray_actor.py", line 279, in _fetch_future_result
    res_cid, out_mssg, updated_context = ray.get(
  File "C:\Users\clara\anaconda3\envs\tf_gpu\lib\site-packages\ray\_private\auto_init_hook.py", line 21, in auto_init_wrapper
    return fn(*args, **kwargs)
  File "C:\Users\clara\anaconda3\envs\tf_gpu\lib\site-packages\ray\_private\client_mode_hook.py", line 103, in wrapper
    return func(*args, **kwargs)
  File "C:\Users\clara\anaconda3\envs\tf_gpu\lib\site-packages\ray\_private\worker.py", line 2753, in get
    values, debugger_breakpoint = worker.get_objects(object_refs, timeout=timeout)
  File "C:\Users\clara\anaconda3\envs\tf_gpu\lib\site-packages\ray\_private\worker.py", line 904, in get_objects
    raise value.as_instanceof_cause()
ray.exceptions.RayTaskError(ClientAppException): [36mray::ClientAppActor.run()[39m (pid=26248, ip=127.0.0.1, actor_id=4fda38394413103f891989e101000000, repr=<flwr.simulation.ray_transport.ray_actor.ClientAppActor object at 0x000001B98CFB0A60>)
  File "C:\Users\clara\anaconda3\envs\tf_gpu\lib\site-packages\flwr\client\client_app.py", line 143, in __call__
    return self._call(message, context)
  File "C:\Users\clara\anaconda3\envs\tf_gpu\lib\site-packages\flwr\client\client_app.py", line 126, in ffn
    out_message = handle_legacy_message_from_msgtype(
  File "C:\Users\clara\anaconda3\envs\tf_gpu\lib\site-packages\flwr\client\message_handler\message_handler.py", line 136, in handle_legacy_message_from_msgtype
    evaluate_res = maybe_call_evaluate(
  File "C:\Users\clara\anaconda3\envs\tf_gpu\lib\site-packages\flwr\client\client.py", line 275, in maybe_call_evaluate
    return client.evaluate(evaluate_ins)
  File "C:\Users\clara\anaconda3\envs\tf_gpu\lib\site-packages\flwr\client\numpy_client.py", line 283, in _evaluate
    results = self.numpy_client.evaluate(parameters, ins.config)  # type: ignore
  File "C:\Users\clara\Desktop\TFG\Codigo TFG\3.FederatedTraining\client.py", line 42, in evaluate
    loss, accuracy = self.model.evaluate(self.x_test, self.y_test)
  File "C:\Users\clara\anaconda3\envs\tf_gpu\lib\site-packages\keras\src\utils\traceback_utils.py", line 122, in error_handler
    raise e.with_traceback(filtered_tb) from None
  File "C:\Users\clara\anaconda3\envs\tf_gpu\lib\site-packages\keras\src\trainers\data_adapters\data_adapter_utils.py", line 114, in check_data_cardinality
    raise ValueError(msg)
ValueError: Data cardinality is ambiguous. Make sure all arrays contain the same number of samples.'x' sizes: 16899
'y' sizes: 4212


The above exception was the direct cause of the following exception:

[36mray::ClientAppActor.run()[39m (pid=26248, ip=127.0.0.1, actor_id=4fda38394413103f891989e101000000, repr=<flwr.simulation.ray_transport.ray_actor.ClientAppActor object at 0x000001B98CFB0A60>)
  File "python\ray\_raylet.pyx", line 1856, in ray._raylet.execute_task
  File "python\ray\_raylet.pyx", line 1957, in ray._raylet.execute_task
  File "python\ray\_raylet.pyx", line 1862, in ray._raylet.execute_task
  File "python\ray\_raylet.pyx", line 1803, in ray._raylet.execute_task.function_executor
  File "C:\Users\clara\anaconda3\envs\tf_gpu\lib\site-packages\ray\_private\function_manager.py", line 696, in actor_method_executor
    return method(__ray_actor, *args, **kwargs)
  File "C:\Users\clara\anaconda3\envs\tf_gpu\lib\site-packages\ray\util\tracing\tracing_helper.py", line 467, in _resume_span
    return method(self, *_args, **_kwargs)
  File "C:\Users\clara\anaconda3\envs\tf_gpu\lib\site-packages\flwr\simulation\ray_transport\ray_actor.py", line 63, in run
    raise ClientAppException(str(ex)) from ex
flwr.client.client_app.ClientAppException: 
Exception ClientAppException occurred. Message: Data cardinality is ambiguous. Make sure all arrays contain the same number of samples.'x' sizes: 16899
'y' sizes: 4212

[2024-12-06 12:14:21,503][flwr][ERROR] - [36mray::ClientAppActor.run()[39m (pid=26248, ip=127.0.0.1, actor_id=4fda38394413103f891989e101000000, repr=<flwr.simulation.ray_transport.ray_actor.ClientAppActor object at 0x000001B98CFB0A60>)
  File "C:\Users\clara\anaconda3\envs\tf_gpu\lib\site-packages\flwr\client\client_app.py", line 143, in __call__
    return self._call(message, context)
  File "C:\Users\clara\anaconda3\envs\tf_gpu\lib\site-packages\flwr\client\client_app.py", line 126, in ffn
    out_message = handle_legacy_message_from_msgtype(
  File "C:\Users\clara\anaconda3\envs\tf_gpu\lib\site-packages\flwr\client\message_handler\message_handler.py", line 136, in handle_legacy_message_from_msgtype
    evaluate_res = maybe_call_evaluate(
  File "C:\Users\clara\anaconda3\envs\tf_gpu\lib\site-packages\flwr\client\client.py", line 275, in maybe_call_evaluate
    return client.evaluate(evaluate_ins)
  File "C:\Users\clara\anaconda3\envs\tf_gpu\lib\site-packages\flwr\client\numpy_client.py", line 283, in _evaluate
    results = self.numpy_client.evaluate(parameters, ins.config)  # type: ignore
  File "C:\Users\clara\Desktop\TFG\Codigo TFG\3.FederatedTraining\client.py", line 42, in evaluate
    loss, accuracy = self.model.evaluate(self.x_test, self.y_test)
  File "C:\Users\clara\anaconda3\envs\tf_gpu\lib\site-packages\keras\src\utils\traceback_utils.py", line 122, in error_handler
    raise e.with_traceback(filtered_tb) from None
  File "C:\Users\clara\anaconda3\envs\tf_gpu\lib\site-packages\keras\src\trainers\data_adapters\data_adapter_utils.py", line 114, in check_data_cardinality
    raise ValueError(msg)
ValueError: Data cardinality is ambiguous. Make sure all arrays contain the same number of samples.'x' sizes: 16899
'y' sizes: 4212


The above exception was the direct cause of the following exception:

[36mray::ClientAppActor.run()[39m (pid=26248, ip=127.0.0.1, actor_id=4fda38394413103f891989e101000000, repr=<flwr.simulation.ray_transport.ray_actor.ClientAppActor object at 0x000001B98CFB0A60>)
  File "python\ray\_raylet.pyx", line 1856, in ray._raylet.execute_task
  File "python\ray\_raylet.pyx", line 1957, in ray._raylet.execute_task
  File "python\ray\_raylet.pyx", line 1862, in ray._raylet.execute_task
  File "python\ray\_raylet.pyx", line 1803, in ray._raylet.execute_task.function_executor
  File "C:\Users\clara\anaconda3\envs\tf_gpu\lib\site-packages\ray\_private\function_manager.py", line 696, in actor_method_executor
    return method(__ray_actor, *args, **kwargs)
  File "C:\Users\clara\anaconda3\envs\tf_gpu\lib\site-packages\ray\util\tracing\tracing_helper.py", line 467, in _resume_span
    return method(self, *_args, **_kwargs)
  File "C:\Users\clara\anaconda3\envs\tf_gpu\lib\site-packages\flwr\simulation\ray_transport\ray_actor.py", line 63, in run
    raise ClientAppException(str(ex)) from ex
flwr.client.client_app.ClientAppException: 
Exception ClientAppException occurred. Message: Data cardinality is ambiguous. Make sure all arrays contain the same number of samples.'x' sizes: 16899
'y' sizes: 4212
[2024-12-06 12:14:21,511][flwr][INFO] - aggregate_evaluate: received 0 results and 1 failures
[2024-12-06 12:14:21,511][flwr][INFO] - 
[2024-12-06 12:14:21,512][flwr][INFO] - [ROUND 5]
[2024-12-06 12:14:21,513][flwr][INFO] - configure_fit: strategy sampled 1 clients (out of 1)
[2024-12-06 12:14:23,422][flwr][ERROR] - Traceback (most recent call last):
  File "C:\Users\clara\anaconda3\envs\tf_gpu\lib\site-packages\flwr\simulation\ray_transport\ray_client_proxy.py", line 94, in _submit_job
    out_mssg, updated_context = self.actor_pool.get_client_result(
  File "C:\Users\clara\anaconda3\envs\tf_gpu\lib\site-packages\flwr\simulation\ray_transport\ray_actor.py", line 398, in get_client_result
    return self._fetch_future_result(cid)
  File "C:\Users\clara\anaconda3\envs\tf_gpu\lib\site-packages\flwr\simulation\ray_transport\ray_actor.py", line 279, in _fetch_future_result
    res_cid, out_mssg, updated_context = ray.get(
  File "C:\Users\clara\anaconda3\envs\tf_gpu\lib\site-packages\ray\_private\auto_init_hook.py", line 21, in auto_init_wrapper
    return fn(*args, **kwargs)
  File "C:\Users\clara\anaconda3\envs\tf_gpu\lib\site-packages\ray\_private\client_mode_hook.py", line 103, in wrapper
    return func(*args, **kwargs)
  File "C:\Users\clara\anaconda3\envs\tf_gpu\lib\site-packages\ray\_private\worker.py", line 2753, in get
    values, debugger_breakpoint = worker.get_objects(object_refs, timeout=timeout)
  File "C:\Users\clara\anaconda3\envs\tf_gpu\lib\site-packages\ray\_private\worker.py", line 904, in get_objects
    raise value.as_instanceof_cause()
ray.exceptions.RayTaskError(ClientAppException): [36mray::ClientAppActor.run()[39m (pid=26248, ip=127.0.0.1, actor_id=4fda38394413103f891989e101000000, repr=<flwr.simulation.ray_transport.ray_actor.ClientAppActor object at 0x000001B98CFB0A60>)
  File "C:\Users\clara\anaconda3\envs\tf_gpu\lib\site-packages\flwr\client\client_app.py", line 143, in __call__
    return self._call(message, context)
  File "C:\Users\clara\anaconda3\envs\tf_gpu\lib\site-packages\flwr\client\client_app.py", line 126, in ffn
    out_message = handle_legacy_message_from_msgtype(
  File "C:\Users\clara\anaconda3\envs\tf_gpu\lib\site-packages\flwr\client\message_handler\message_handler.py", line 129, in handle_legacy_message_from_msgtype
    fit_res = maybe_call_fit(
  File "C:\Users\clara\anaconda3\envs\tf_gpu\lib\site-packages\flwr\client\client.py", line 255, in maybe_call_fit
    return client.fit(fit_ins)
  File "C:\Users\clara\anaconda3\envs\tf_gpu\lib\site-packages\flwr\client\numpy_client.py", line 259, in _fit
    results = self.numpy_client.fit(parameters, ins.config)  # type: ignore
  File "C:\Users\clara\Desktop\TFG\Codigo TFG\3.FederatedTraining\client.py", line 28, in fit
    weights = parameters_to_ndarrays(parameters)
  File "C:\Users\clara\anaconda3\envs\tf_gpu\lib\site-packages\flwr\common\parameter.py", line 34, in parameters_to_ndarrays
    return [bytes_to_ndarray(tensor) for tensor in parameters.tensors]
AttributeError: 'list' object has no attribute 'tensors'

The above exception was the direct cause of the following exception:

[36mray::ClientAppActor.run()[39m (pid=26248, ip=127.0.0.1, actor_id=4fda38394413103f891989e101000000, repr=<flwr.simulation.ray_transport.ray_actor.ClientAppActor object at 0x000001B98CFB0A60>)
  File "python\ray\_raylet.pyx", line 1856, in ray._raylet.execute_task
  File "python\ray\_raylet.pyx", line 1957, in ray._raylet.execute_task
  File "python\ray\_raylet.pyx", line 1862, in ray._raylet.execute_task
  File "python\ray\_raylet.pyx", line 1803, in ray._raylet.execute_task.function_executor
  File "C:\Users\clara\anaconda3\envs\tf_gpu\lib\site-packages\ray\_private\function_manager.py", line 696, in actor_method_executor
    return method(__ray_actor, *args, **kwargs)
  File "C:\Users\clara\anaconda3\envs\tf_gpu\lib\site-packages\ray\util\tracing\tracing_helper.py", line 467, in _resume_span
    return method(self, *_args, **_kwargs)
  File "C:\Users\clara\anaconda3\envs\tf_gpu\lib\site-packages\flwr\simulation\ray_transport\ray_actor.py", line 63, in run
    raise ClientAppException(str(ex)) from ex
flwr.client.client_app.ClientAppException: 
Exception ClientAppException occurred. Message: 'list' object has no attribute 'tensors'

[2024-12-06 12:14:23,431][flwr][ERROR] - [36mray::ClientAppActor.run()[39m (pid=26248, ip=127.0.0.1, actor_id=4fda38394413103f891989e101000000, repr=<flwr.simulation.ray_transport.ray_actor.ClientAppActor object at 0x000001B98CFB0A60>)
  File "C:\Users\clara\anaconda3\envs\tf_gpu\lib\site-packages\flwr\client\client_app.py", line 143, in __call__
    return self._call(message, context)
  File "C:\Users\clara\anaconda3\envs\tf_gpu\lib\site-packages\flwr\client\client_app.py", line 126, in ffn
    out_message = handle_legacy_message_from_msgtype(
  File "C:\Users\clara\anaconda3\envs\tf_gpu\lib\site-packages\flwr\client\message_handler\message_handler.py", line 129, in handle_legacy_message_from_msgtype
    fit_res = maybe_call_fit(
  File "C:\Users\clara\anaconda3\envs\tf_gpu\lib\site-packages\flwr\client\client.py", line 255, in maybe_call_fit
    return client.fit(fit_ins)
  File "C:\Users\clara\anaconda3\envs\tf_gpu\lib\site-packages\flwr\client\numpy_client.py", line 259, in _fit
    results = self.numpy_client.fit(parameters, ins.config)  # type: ignore
  File "C:\Users\clara\Desktop\TFG\Codigo TFG\3.FederatedTraining\client.py", line 28, in fit
    weights = parameters_to_ndarrays(parameters)
  File "C:\Users\clara\anaconda3\envs\tf_gpu\lib\site-packages\flwr\common\parameter.py", line 34, in parameters_to_ndarrays
    return [bytes_to_ndarray(tensor) for tensor in parameters.tensors]
AttributeError: 'list' object has no attribute 'tensors'

The above exception was the direct cause of the following exception:

[36mray::ClientAppActor.run()[39m (pid=26248, ip=127.0.0.1, actor_id=4fda38394413103f891989e101000000, repr=<flwr.simulation.ray_transport.ray_actor.ClientAppActor object at 0x000001B98CFB0A60>)
  File "python\ray\_raylet.pyx", line 1856, in ray._raylet.execute_task
  File "python\ray\_raylet.pyx", line 1957, in ray._raylet.execute_task
  File "python\ray\_raylet.pyx", line 1862, in ray._raylet.execute_task
  File "python\ray\_raylet.pyx", line 1803, in ray._raylet.execute_task.function_executor
  File "C:\Users\clara\anaconda3\envs\tf_gpu\lib\site-packages\ray\_private\function_manager.py", line 696, in actor_method_executor
    return method(__ray_actor, *args, **kwargs)
  File "C:\Users\clara\anaconda3\envs\tf_gpu\lib\site-packages\ray\util\tracing\tracing_helper.py", line 467, in _resume_span
    return method(self, *_args, **_kwargs)
  File "C:\Users\clara\anaconda3\envs\tf_gpu\lib\site-packages\flwr\simulation\ray_transport\ray_actor.py", line 63, in run
    raise ClientAppException(str(ex)) from ex
flwr.client.client_app.ClientAppException: 
Exception ClientAppException occurred. Message: 'list' object has no attribute 'tensors'
[2024-12-06 12:14:23,439][flwr][INFO] - aggregate_fit: received 0 results and 1 failures
[2024-12-06 12:14:34,071][flwr][INFO] - fit progress: (5, 0.15107698738574982, {'mae': 0.34617912769317627}, 73.9975915)
[2024-12-06 12:14:34,071][flwr][INFO] - configure_evaluate: strategy sampled 1 clients (out of 1)
[2024-12-06 12:14:35,712][flwr][ERROR] - Traceback (most recent call last):
  File "C:\Users\clara\anaconda3\envs\tf_gpu\lib\site-packages\flwr\simulation\ray_transport\ray_client_proxy.py", line 94, in _submit_job
    out_mssg, updated_context = self.actor_pool.get_client_result(
  File "C:\Users\clara\anaconda3\envs\tf_gpu\lib\site-packages\flwr\simulation\ray_transport\ray_actor.py", line 398, in get_client_result
    return self._fetch_future_result(cid)
  File "C:\Users\clara\anaconda3\envs\tf_gpu\lib\site-packages\flwr\simulation\ray_transport\ray_actor.py", line 279, in _fetch_future_result
    res_cid, out_mssg, updated_context = ray.get(
  File "C:\Users\clara\anaconda3\envs\tf_gpu\lib\site-packages\ray\_private\auto_init_hook.py", line 21, in auto_init_wrapper
    return fn(*args, **kwargs)
  File "C:\Users\clara\anaconda3\envs\tf_gpu\lib\site-packages\ray\_private\client_mode_hook.py", line 103, in wrapper
    return func(*args, **kwargs)
  File "C:\Users\clara\anaconda3\envs\tf_gpu\lib\site-packages\ray\_private\worker.py", line 2753, in get
    values, debugger_breakpoint = worker.get_objects(object_refs, timeout=timeout)
  File "C:\Users\clara\anaconda3\envs\tf_gpu\lib\site-packages\ray\_private\worker.py", line 904, in get_objects
    raise value.as_instanceof_cause()
ray.exceptions.RayTaskError(ClientAppException): [36mray::ClientAppActor.run()[39m (pid=26248, ip=127.0.0.1, actor_id=4fda38394413103f891989e101000000, repr=<flwr.simulation.ray_transport.ray_actor.ClientAppActor object at 0x000001B98CFB0A60>)
  File "C:\Users\clara\anaconda3\envs\tf_gpu\lib\site-packages\flwr\client\client_app.py", line 143, in __call__
    return self._call(message, context)
  File "C:\Users\clara\anaconda3\envs\tf_gpu\lib\site-packages\flwr\client\client_app.py", line 126, in ffn
    out_message = handle_legacy_message_from_msgtype(
  File "C:\Users\clara\anaconda3\envs\tf_gpu\lib\site-packages\flwr\client\message_handler\message_handler.py", line 136, in handle_legacy_message_from_msgtype
    evaluate_res = maybe_call_evaluate(
  File "C:\Users\clara\anaconda3\envs\tf_gpu\lib\site-packages\flwr\client\client.py", line 275, in maybe_call_evaluate
    return client.evaluate(evaluate_ins)
  File "C:\Users\clara\anaconda3\envs\tf_gpu\lib\site-packages\flwr\client\numpy_client.py", line 283, in _evaluate
    results = self.numpy_client.evaluate(parameters, ins.config)  # type: ignore
  File "C:\Users\clara\Desktop\TFG\Codigo TFG\3.FederatedTraining\client.py", line 42, in evaluate
    loss, accuracy = self.model.evaluate(self.x_test, self.y_test)
  File "C:\Users\clara\anaconda3\envs\tf_gpu\lib\site-packages\keras\src\utils\traceback_utils.py", line 122, in error_handler
    raise e.with_traceback(filtered_tb) from None
  File "C:\Users\clara\anaconda3\envs\tf_gpu\lib\site-packages\keras\src\trainers\data_adapters\data_adapter_utils.py", line 114, in check_data_cardinality
    raise ValueError(msg)
ValueError: Data cardinality is ambiguous. Make sure all arrays contain the same number of samples.'x' sizes: 16899
'y' sizes: 4212


The above exception was the direct cause of the following exception:

[36mray::ClientAppActor.run()[39m (pid=26248, ip=127.0.0.1, actor_id=4fda38394413103f891989e101000000, repr=<flwr.simulation.ray_transport.ray_actor.ClientAppActor object at 0x000001B98CFB0A60>)
  File "python\ray\_raylet.pyx", line 1856, in ray._raylet.execute_task
  File "python\ray\_raylet.pyx", line 1957, in ray._raylet.execute_task
  File "python\ray\_raylet.pyx", line 1862, in ray._raylet.execute_task
  File "python\ray\_raylet.pyx", line 1803, in ray._raylet.execute_task.function_executor
  File "C:\Users\clara\anaconda3\envs\tf_gpu\lib\site-packages\ray\_private\function_manager.py", line 696, in actor_method_executor
    return method(__ray_actor, *args, **kwargs)
  File "C:\Users\clara\anaconda3\envs\tf_gpu\lib\site-packages\ray\util\tracing\tracing_helper.py", line 467, in _resume_span
    return method(self, *_args, **_kwargs)
  File "C:\Users\clara\anaconda3\envs\tf_gpu\lib\site-packages\flwr\simulation\ray_transport\ray_actor.py", line 63, in run
    raise ClientAppException(str(ex)) from ex
flwr.client.client_app.ClientAppException: 
Exception ClientAppException occurred. Message: Data cardinality is ambiguous. Make sure all arrays contain the same number of samples.'x' sizes: 16899
'y' sizes: 4212

[2024-12-06 12:14:35,728][flwr][ERROR] - [36mray::ClientAppActor.run()[39m (pid=26248, ip=127.0.0.1, actor_id=4fda38394413103f891989e101000000, repr=<flwr.simulation.ray_transport.ray_actor.ClientAppActor object at 0x000001B98CFB0A60>)
  File "C:\Users\clara\anaconda3\envs\tf_gpu\lib\site-packages\flwr\client\client_app.py", line 143, in __call__
    return self._call(message, context)
  File "C:\Users\clara\anaconda3\envs\tf_gpu\lib\site-packages\flwr\client\client_app.py", line 126, in ffn
    out_message = handle_legacy_message_from_msgtype(
  File "C:\Users\clara\anaconda3\envs\tf_gpu\lib\site-packages\flwr\client\message_handler\message_handler.py", line 136, in handle_legacy_message_from_msgtype
    evaluate_res = maybe_call_evaluate(
  File "C:\Users\clara\anaconda3\envs\tf_gpu\lib\site-packages\flwr\client\client.py", line 275, in maybe_call_evaluate
    return client.evaluate(evaluate_ins)
  File "C:\Users\clara\anaconda3\envs\tf_gpu\lib\site-packages\flwr\client\numpy_client.py", line 283, in _evaluate
    results = self.numpy_client.evaluate(parameters, ins.config)  # type: ignore
  File "C:\Users\clara\Desktop\TFG\Codigo TFG\3.FederatedTraining\client.py", line 42, in evaluate
    loss, accuracy = self.model.evaluate(self.x_test, self.y_test)
  File "C:\Users\clara\anaconda3\envs\tf_gpu\lib\site-packages\keras\src\utils\traceback_utils.py", line 122, in error_handler
    raise e.with_traceback(filtered_tb) from None
  File "C:\Users\clara\anaconda3\envs\tf_gpu\lib\site-packages\keras\src\trainers\data_adapters\data_adapter_utils.py", line 114, in check_data_cardinality
    raise ValueError(msg)
ValueError: Data cardinality is ambiguous. Make sure all arrays contain the same number of samples.'x' sizes: 16899
'y' sizes: 4212


The above exception was the direct cause of the following exception:

[36mray::ClientAppActor.run()[39m (pid=26248, ip=127.0.0.1, actor_id=4fda38394413103f891989e101000000, repr=<flwr.simulation.ray_transport.ray_actor.ClientAppActor object at 0x000001B98CFB0A60>)
  File "python\ray\_raylet.pyx", line 1856, in ray._raylet.execute_task
  File "python\ray\_raylet.pyx", line 1957, in ray._raylet.execute_task
  File "python\ray\_raylet.pyx", line 1862, in ray._raylet.execute_task
  File "python\ray\_raylet.pyx", line 1803, in ray._raylet.execute_task.function_executor
  File "C:\Users\clara\anaconda3\envs\tf_gpu\lib\site-packages\ray\_private\function_manager.py", line 696, in actor_method_executor
    return method(__ray_actor, *args, **kwargs)
  File "C:\Users\clara\anaconda3\envs\tf_gpu\lib\site-packages\ray\util\tracing\tracing_helper.py", line 467, in _resume_span
    return method(self, *_args, **_kwargs)
  File "C:\Users\clara\anaconda3\envs\tf_gpu\lib\site-packages\flwr\simulation\ray_transport\ray_actor.py", line 63, in run
    raise ClientAppException(str(ex)) from ex
flwr.client.client_app.ClientAppException: 
Exception ClientAppException occurred. Message: Data cardinality is ambiguous. Make sure all arrays contain the same number of samples.'x' sizes: 16899
'y' sizes: 4212
[2024-12-06 12:14:35,737][flwr][INFO] - aggregate_evaluate: received 0 results and 1 failures
[2024-12-06 12:14:35,738][flwr][INFO] - 
[2024-12-06 12:14:35,738][flwr][INFO] - [ROUND 6]
[2024-12-06 12:14:35,739][flwr][INFO] - configure_fit: strategy sampled 1 clients (out of 1)
[2024-12-06 12:14:37,495][flwr][ERROR] - Traceback (most recent call last):
  File "C:\Users\clara\anaconda3\envs\tf_gpu\lib\site-packages\flwr\simulation\ray_transport\ray_client_proxy.py", line 94, in _submit_job
    out_mssg, updated_context = self.actor_pool.get_client_result(
  File "C:\Users\clara\anaconda3\envs\tf_gpu\lib\site-packages\flwr\simulation\ray_transport\ray_actor.py", line 398, in get_client_result
    return self._fetch_future_result(cid)
  File "C:\Users\clara\anaconda3\envs\tf_gpu\lib\site-packages\flwr\simulation\ray_transport\ray_actor.py", line 279, in _fetch_future_result
    res_cid, out_mssg, updated_context = ray.get(
  File "C:\Users\clara\anaconda3\envs\tf_gpu\lib\site-packages\ray\_private\auto_init_hook.py", line 21, in auto_init_wrapper
    return fn(*args, **kwargs)
  File "C:\Users\clara\anaconda3\envs\tf_gpu\lib\site-packages\ray\_private\client_mode_hook.py", line 103, in wrapper
    return func(*args, **kwargs)
  File "C:\Users\clara\anaconda3\envs\tf_gpu\lib\site-packages\ray\_private\worker.py", line 2753, in get
    values, debugger_breakpoint = worker.get_objects(object_refs, timeout=timeout)
  File "C:\Users\clara\anaconda3\envs\tf_gpu\lib\site-packages\ray\_private\worker.py", line 904, in get_objects
    raise value.as_instanceof_cause()
ray.exceptions.RayTaskError(ClientAppException): [36mray::ClientAppActor.run()[39m (pid=26248, ip=127.0.0.1, actor_id=4fda38394413103f891989e101000000, repr=<flwr.simulation.ray_transport.ray_actor.ClientAppActor object at 0x000001B98CFB0A60>)
  File "C:\Users\clara\anaconda3\envs\tf_gpu\lib\site-packages\flwr\client\client_app.py", line 143, in __call__
    return self._call(message, context)
  File "C:\Users\clara\anaconda3\envs\tf_gpu\lib\site-packages\flwr\client\client_app.py", line 126, in ffn
    out_message = handle_legacy_message_from_msgtype(
  File "C:\Users\clara\anaconda3\envs\tf_gpu\lib\site-packages\flwr\client\message_handler\message_handler.py", line 129, in handle_legacy_message_from_msgtype
    fit_res = maybe_call_fit(
  File "C:\Users\clara\anaconda3\envs\tf_gpu\lib\site-packages\flwr\client\client.py", line 255, in maybe_call_fit
    return client.fit(fit_ins)
  File "C:\Users\clara\anaconda3\envs\tf_gpu\lib\site-packages\flwr\client\numpy_client.py", line 259, in _fit
    results = self.numpy_client.fit(parameters, ins.config)  # type: ignore
  File "C:\Users\clara\Desktop\TFG\Codigo TFG\3.FederatedTraining\client.py", line 28, in fit
    weights = parameters_to_ndarrays(parameters)
  File "C:\Users\clara\anaconda3\envs\tf_gpu\lib\site-packages\flwr\common\parameter.py", line 34, in parameters_to_ndarrays
    return [bytes_to_ndarray(tensor) for tensor in parameters.tensors]
AttributeError: 'list' object has no attribute 'tensors'

The above exception was the direct cause of the following exception:

[36mray::ClientAppActor.run()[39m (pid=26248, ip=127.0.0.1, actor_id=4fda38394413103f891989e101000000, repr=<flwr.simulation.ray_transport.ray_actor.ClientAppActor object at 0x000001B98CFB0A60>)
  File "python\ray\_raylet.pyx", line 1856, in ray._raylet.execute_task
  File "python\ray\_raylet.pyx", line 1957, in ray._raylet.execute_task
  File "python\ray\_raylet.pyx", line 1862, in ray._raylet.execute_task
  File "python\ray\_raylet.pyx", line 1803, in ray._raylet.execute_task.function_executor
  File "C:\Users\clara\anaconda3\envs\tf_gpu\lib\site-packages\ray\_private\function_manager.py", line 696, in actor_method_executor
    return method(__ray_actor, *args, **kwargs)
  File "C:\Users\clara\anaconda3\envs\tf_gpu\lib\site-packages\ray\util\tracing\tracing_helper.py", line 467, in _resume_span
    return method(self, *_args, **_kwargs)
  File "C:\Users\clara\anaconda3\envs\tf_gpu\lib\site-packages\flwr\simulation\ray_transport\ray_actor.py", line 63, in run
    raise ClientAppException(str(ex)) from ex
flwr.client.client_app.ClientAppException: 
Exception ClientAppException occurred. Message: 'list' object has no attribute 'tensors'

[2024-12-06 12:14:37,506][flwr][ERROR] - [36mray::ClientAppActor.run()[39m (pid=26248, ip=127.0.0.1, actor_id=4fda38394413103f891989e101000000, repr=<flwr.simulation.ray_transport.ray_actor.ClientAppActor object at 0x000001B98CFB0A60>)
  File "C:\Users\clara\anaconda3\envs\tf_gpu\lib\site-packages\flwr\client\client_app.py", line 143, in __call__
    return self._call(message, context)
  File "C:\Users\clara\anaconda3\envs\tf_gpu\lib\site-packages\flwr\client\client_app.py", line 126, in ffn
    out_message = handle_legacy_message_from_msgtype(
  File "C:\Users\clara\anaconda3\envs\tf_gpu\lib\site-packages\flwr\client\message_handler\message_handler.py", line 129, in handle_legacy_message_from_msgtype
    fit_res = maybe_call_fit(
  File "C:\Users\clara\anaconda3\envs\tf_gpu\lib\site-packages\flwr\client\client.py", line 255, in maybe_call_fit
    return client.fit(fit_ins)
  File "C:\Users\clara\anaconda3\envs\tf_gpu\lib\site-packages\flwr\client\numpy_client.py", line 259, in _fit
    results = self.numpy_client.fit(parameters, ins.config)  # type: ignore
  File "C:\Users\clara\Desktop\TFG\Codigo TFG\3.FederatedTraining\client.py", line 28, in fit
    weights = parameters_to_ndarrays(parameters)
  File "C:\Users\clara\anaconda3\envs\tf_gpu\lib\site-packages\flwr\common\parameter.py", line 34, in parameters_to_ndarrays
    return [bytes_to_ndarray(tensor) for tensor in parameters.tensors]
AttributeError: 'list' object has no attribute 'tensors'

The above exception was the direct cause of the following exception:

[36mray::ClientAppActor.run()[39m (pid=26248, ip=127.0.0.1, actor_id=4fda38394413103f891989e101000000, repr=<flwr.simulation.ray_transport.ray_actor.ClientAppActor object at 0x000001B98CFB0A60>)
  File "python\ray\_raylet.pyx", line 1856, in ray._raylet.execute_task
  File "python\ray\_raylet.pyx", line 1957, in ray._raylet.execute_task
  File "python\ray\_raylet.pyx", line 1862, in ray._raylet.execute_task
  File "python\ray\_raylet.pyx", line 1803, in ray._raylet.execute_task.function_executor
  File "C:\Users\clara\anaconda3\envs\tf_gpu\lib\site-packages\ray\_private\function_manager.py", line 696, in actor_method_executor
    return method(__ray_actor, *args, **kwargs)
  File "C:\Users\clara\anaconda3\envs\tf_gpu\lib\site-packages\ray\util\tracing\tracing_helper.py", line 467, in _resume_span
    return method(self, *_args, **_kwargs)
  File "C:\Users\clara\anaconda3\envs\tf_gpu\lib\site-packages\flwr\simulation\ray_transport\ray_actor.py", line 63, in run
    raise ClientAppException(str(ex)) from ex
flwr.client.client_app.ClientAppException: 
Exception ClientAppException occurred. Message: 'list' object has no attribute 'tensors'
[2024-12-06 12:14:37,513][flwr][INFO] - aggregate_fit: received 0 results and 1 failures
[2024-12-06 12:14:48,245][flwr][INFO] - fit progress: (6, 0.15107698738574982, {'mae': 0.34617912769317627}, 88.17231840000001)
[2024-12-06 12:14:48,246][flwr][INFO] - configure_evaluate: strategy sampled 1 clients (out of 1)
[2024-12-06 12:14:50,180][flwr][ERROR] - Traceback (most recent call last):
  File "C:\Users\clara\anaconda3\envs\tf_gpu\lib\site-packages\flwr\simulation\ray_transport\ray_client_proxy.py", line 94, in _submit_job
    out_mssg, updated_context = self.actor_pool.get_client_result(
  File "C:\Users\clara\anaconda3\envs\tf_gpu\lib\site-packages\flwr\simulation\ray_transport\ray_actor.py", line 398, in get_client_result
    return self._fetch_future_result(cid)
  File "C:\Users\clara\anaconda3\envs\tf_gpu\lib\site-packages\flwr\simulation\ray_transport\ray_actor.py", line 279, in _fetch_future_result
    res_cid, out_mssg, updated_context = ray.get(
  File "C:\Users\clara\anaconda3\envs\tf_gpu\lib\site-packages\ray\_private\auto_init_hook.py", line 21, in auto_init_wrapper
    return fn(*args, **kwargs)
  File "C:\Users\clara\anaconda3\envs\tf_gpu\lib\site-packages\ray\_private\client_mode_hook.py", line 103, in wrapper
    return func(*args, **kwargs)
  File "C:\Users\clara\anaconda3\envs\tf_gpu\lib\site-packages\ray\_private\worker.py", line 2753, in get
    values, debugger_breakpoint = worker.get_objects(object_refs, timeout=timeout)
  File "C:\Users\clara\anaconda3\envs\tf_gpu\lib\site-packages\ray\_private\worker.py", line 904, in get_objects
    raise value.as_instanceof_cause()
ray.exceptions.RayTaskError(ClientAppException): [36mray::ClientAppActor.run()[39m (pid=26248, ip=127.0.0.1, actor_id=4fda38394413103f891989e101000000, repr=<flwr.simulation.ray_transport.ray_actor.ClientAppActor object at 0x000001B98CFB0A60>)
  File "C:\Users\clara\anaconda3\envs\tf_gpu\lib\site-packages\flwr\client\client_app.py", line 143, in __call__
    return self._call(message, context)
  File "C:\Users\clara\anaconda3\envs\tf_gpu\lib\site-packages\flwr\client\client_app.py", line 126, in ffn
    out_message = handle_legacy_message_from_msgtype(
  File "C:\Users\clara\anaconda3\envs\tf_gpu\lib\site-packages\flwr\client\message_handler\message_handler.py", line 136, in handle_legacy_message_from_msgtype
    evaluate_res = maybe_call_evaluate(
  File "C:\Users\clara\anaconda3\envs\tf_gpu\lib\site-packages\flwr\client\client.py", line 275, in maybe_call_evaluate
    return client.evaluate(evaluate_ins)
  File "C:\Users\clara\anaconda3\envs\tf_gpu\lib\site-packages\flwr\client\numpy_client.py", line 283, in _evaluate
    results = self.numpy_client.evaluate(parameters, ins.config)  # type: ignore
  File "C:\Users\clara\Desktop\TFG\Codigo TFG\3.FederatedTraining\client.py", line 42, in evaluate
    loss, accuracy = self.model.evaluate(self.x_test, self.y_test)
  File "C:\Users\clara\anaconda3\envs\tf_gpu\lib\site-packages\keras\src\utils\traceback_utils.py", line 122, in error_handler
    raise e.with_traceback(filtered_tb) from None
  File "C:\Users\clara\anaconda3\envs\tf_gpu\lib\site-packages\keras\src\trainers\data_adapters\data_adapter_utils.py", line 114, in check_data_cardinality
    raise ValueError(msg)
ValueError: Data cardinality is ambiguous. Make sure all arrays contain the same number of samples.'x' sizes: 16899
'y' sizes: 4212


The above exception was the direct cause of the following exception:

[36mray::ClientAppActor.run()[39m (pid=26248, ip=127.0.0.1, actor_id=4fda38394413103f891989e101000000, repr=<flwr.simulation.ray_transport.ray_actor.ClientAppActor object at 0x000001B98CFB0A60>)
  File "python\ray\_raylet.pyx", line 1856, in ray._raylet.execute_task
  File "python\ray\_raylet.pyx", line 1957, in ray._raylet.execute_task
  File "python\ray\_raylet.pyx", line 1862, in ray._raylet.execute_task
  File "python\ray\_raylet.pyx", line 1803, in ray._raylet.execute_task.function_executor
  File "C:\Users\clara\anaconda3\envs\tf_gpu\lib\site-packages\ray\_private\function_manager.py", line 696, in actor_method_executor
    return method(__ray_actor, *args, **kwargs)
  File "C:\Users\clara\anaconda3\envs\tf_gpu\lib\site-packages\ray\util\tracing\tracing_helper.py", line 467, in _resume_span
    return method(self, *_args, **_kwargs)
  File "C:\Users\clara\anaconda3\envs\tf_gpu\lib\site-packages\flwr\simulation\ray_transport\ray_actor.py", line 63, in run
    raise ClientAppException(str(ex)) from ex
flwr.client.client_app.ClientAppException: 
Exception ClientAppException occurred. Message: Data cardinality is ambiguous. Make sure all arrays contain the same number of samples.'x' sizes: 16899
'y' sizes: 4212

[2024-12-06 12:14:50,193][flwr][ERROR] - [36mray::ClientAppActor.run()[39m (pid=26248, ip=127.0.0.1, actor_id=4fda38394413103f891989e101000000, repr=<flwr.simulation.ray_transport.ray_actor.ClientAppActor object at 0x000001B98CFB0A60>)
  File "C:\Users\clara\anaconda3\envs\tf_gpu\lib\site-packages\flwr\client\client_app.py", line 143, in __call__
    return self._call(message, context)
  File "C:\Users\clara\anaconda3\envs\tf_gpu\lib\site-packages\flwr\client\client_app.py", line 126, in ffn
    out_message = handle_legacy_message_from_msgtype(
  File "C:\Users\clara\anaconda3\envs\tf_gpu\lib\site-packages\flwr\client\message_handler\message_handler.py", line 136, in handle_legacy_message_from_msgtype
    evaluate_res = maybe_call_evaluate(
  File "C:\Users\clara\anaconda3\envs\tf_gpu\lib\site-packages\flwr\client\client.py", line 275, in maybe_call_evaluate
    return client.evaluate(evaluate_ins)
  File "C:\Users\clara\anaconda3\envs\tf_gpu\lib\site-packages\flwr\client\numpy_client.py", line 283, in _evaluate
    results = self.numpy_client.evaluate(parameters, ins.config)  # type: ignore
  File "C:\Users\clara\Desktop\TFG\Codigo TFG\3.FederatedTraining\client.py", line 42, in evaluate
    loss, accuracy = self.model.evaluate(self.x_test, self.y_test)
  File "C:\Users\clara\anaconda3\envs\tf_gpu\lib\site-packages\keras\src\utils\traceback_utils.py", line 122, in error_handler
    raise e.with_traceback(filtered_tb) from None
  File "C:\Users\clara\anaconda3\envs\tf_gpu\lib\site-packages\keras\src\trainers\data_adapters\data_adapter_utils.py", line 114, in check_data_cardinality
    raise ValueError(msg)
ValueError: Data cardinality is ambiguous. Make sure all arrays contain the same number of samples.'x' sizes: 16899
'y' sizes: 4212


The above exception was the direct cause of the following exception:

[36mray::ClientAppActor.run()[39m (pid=26248, ip=127.0.0.1, actor_id=4fda38394413103f891989e101000000, repr=<flwr.simulation.ray_transport.ray_actor.ClientAppActor object at 0x000001B98CFB0A60>)
  File "python\ray\_raylet.pyx", line 1856, in ray._raylet.execute_task
  File "python\ray\_raylet.pyx", line 1957, in ray._raylet.execute_task
  File "python\ray\_raylet.pyx", line 1862, in ray._raylet.execute_task
  File "python\ray\_raylet.pyx", line 1803, in ray._raylet.execute_task.function_executor
  File "C:\Users\clara\anaconda3\envs\tf_gpu\lib\site-packages\ray\_private\function_manager.py", line 696, in actor_method_executor
    return method(__ray_actor, *args, **kwargs)
  File "C:\Users\clara\anaconda3\envs\tf_gpu\lib\site-packages\ray\util\tracing\tracing_helper.py", line 467, in _resume_span
    return method(self, *_args, **_kwargs)
  File "C:\Users\clara\anaconda3\envs\tf_gpu\lib\site-packages\flwr\simulation\ray_transport\ray_actor.py", line 63, in run
    raise ClientAppException(str(ex)) from ex
flwr.client.client_app.ClientAppException: 
Exception ClientAppException occurred. Message: Data cardinality is ambiguous. Make sure all arrays contain the same number of samples.'x' sizes: 16899
'y' sizes: 4212
[2024-12-06 12:14:50,202][flwr][INFO] - aggregate_evaluate: received 0 results and 1 failures
[2024-12-06 12:14:50,203][flwr][INFO] - 
[2024-12-06 12:14:50,203][flwr][INFO] - [ROUND 7]
[2024-12-06 12:14:50,204][flwr][INFO] - configure_fit: strategy sampled 1 clients (out of 1)
[2024-12-06 12:14:51,798][flwr][ERROR] - Traceback (most recent call last):
  File "C:\Users\clara\anaconda3\envs\tf_gpu\lib\site-packages\flwr\simulation\ray_transport\ray_client_proxy.py", line 94, in _submit_job
    out_mssg, updated_context = self.actor_pool.get_client_result(
  File "C:\Users\clara\anaconda3\envs\tf_gpu\lib\site-packages\flwr\simulation\ray_transport\ray_actor.py", line 398, in get_client_result
    return self._fetch_future_result(cid)
  File "C:\Users\clara\anaconda3\envs\tf_gpu\lib\site-packages\flwr\simulation\ray_transport\ray_actor.py", line 279, in _fetch_future_result
    res_cid, out_mssg, updated_context = ray.get(
  File "C:\Users\clara\anaconda3\envs\tf_gpu\lib\site-packages\ray\_private\auto_init_hook.py", line 21, in auto_init_wrapper
    return fn(*args, **kwargs)
  File "C:\Users\clara\anaconda3\envs\tf_gpu\lib\site-packages\ray\_private\client_mode_hook.py", line 103, in wrapper
    return func(*args, **kwargs)
  File "C:\Users\clara\anaconda3\envs\tf_gpu\lib\site-packages\ray\_private\worker.py", line 2753, in get
    values, debugger_breakpoint = worker.get_objects(object_refs, timeout=timeout)
  File "C:\Users\clara\anaconda3\envs\tf_gpu\lib\site-packages\ray\_private\worker.py", line 904, in get_objects
    raise value.as_instanceof_cause()
ray.exceptions.RayTaskError(ClientAppException): [36mray::ClientAppActor.run()[39m (pid=26248, ip=127.0.0.1, actor_id=4fda38394413103f891989e101000000, repr=<flwr.simulation.ray_transport.ray_actor.ClientAppActor object at 0x000001B98CFB0A60>)
  File "C:\Users\clara\anaconda3\envs\tf_gpu\lib\site-packages\flwr\client\client_app.py", line 143, in __call__
    return self._call(message, context)
  File "C:\Users\clara\anaconda3\envs\tf_gpu\lib\site-packages\flwr\client\client_app.py", line 126, in ffn
    out_message = handle_legacy_message_from_msgtype(
  File "C:\Users\clara\anaconda3\envs\tf_gpu\lib\site-packages\flwr\client\message_handler\message_handler.py", line 129, in handle_legacy_message_from_msgtype
    fit_res = maybe_call_fit(
  File "C:\Users\clara\anaconda3\envs\tf_gpu\lib\site-packages\flwr\client\client.py", line 255, in maybe_call_fit
    return client.fit(fit_ins)
  File "C:\Users\clara\anaconda3\envs\tf_gpu\lib\site-packages\flwr\client\numpy_client.py", line 259, in _fit
    results = self.numpy_client.fit(parameters, ins.config)  # type: ignore
  File "C:\Users\clara\Desktop\TFG\Codigo TFG\3.FederatedTraining\client.py", line 28, in fit
    weights = parameters_to_ndarrays(parameters)
  File "C:\Users\clara\anaconda3\envs\tf_gpu\lib\site-packages\flwr\common\parameter.py", line 34, in parameters_to_ndarrays
    return [bytes_to_ndarray(tensor) for tensor in parameters.tensors]
AttributeError: 'list' object has no attribute 'tensors'

The above exception was the direct cause of the following exception:

[36mray::ClientAppActor.run()[39m (pid=26248, ip=127.0.0.1, actor_id=4fda38394413103f891989e101000000, repr=<flwr.simulation.ray_transport.ray_actor.ClientAppActor object at 0x000001B98CFB0A60>)
  File "python\ray\_raylet.pyx", line 1856, in ray._raylet.execute_task
  File "python\ray\_raylet.pyx", line 1957, in ray._raylet.execute_task
  File "python\ray\_raylet.pyx", line 1862, in ray._raylet.execute_task
  File "python\ray\_raylet.pyx", line 1803, in ray._raylet.execute_task.function_executor
  File "C:\Users\clara\anaconda3\envs\tf_gpu\lib\site-packages\ray\_private\function_manager.py", line 696, in actor_method_executor
    return method(__ray_actor, *args, **kwargs)
  File "C:\Users\clara\anaconda3\envs\tf_gpu\lib\site-packages\ray\util\tracing\tracing_helper.py", line 467, in _resume_span
    return method(self, *_args, **_kwargs)
  File "C:\Users\clara\anaconda3\envs\tf_gpu\lib\site-packages\flwr\simulation\ray_transport\ray_actor.py", line 63, in run
    raise ClientAppException(str(ex)) from ex
flwr.client.client_app.ClientAppException: 
Exception ClientAppException occurred. Message: 'list' object has no attribute 'tensors'

[2024-12-06 12:14:51,808][flwr][ERROR] - [36mray::ClientAppActor.run()[39m (pid=26248, ip=127.0.0.1, actor_id=4fda38394413103f891989e101000000, repr=<flwr.simulation.ray_transport.ray_actor.ClientAppActor object at 0x000001B98CFB0A60>)
  File "C:\Users\clara\anaconda3\envs\tf_gpu\lib\site-packages\flwr\client\client_app.py", line 143, in __call__
    return self._call(message, context)
  File "C:\Users\clara\anaconda3\envs\tf_gpu\lib\site-packages\flwr\client\client_app.py", line 126, in ffn
    out_message = handle_legacy_message_from_msgtype(
  File "C:\Users\clara\anaconda3\envs\tf_gpu\lib\site-packages\flwr\client\message_handler\message_handler.py", line 129, in handle_legacy_message_from_msgtype
    fit_res = maybe_call_fit(
  File "C:\Users\clara\anaconda3\envs\tf_gpu\lib\site-packages\flwr\client\client.py", line 255, in maybe_call_fit
    return client.fit(fit_ins)
  File "C:\Users\clara\anaconda3\envs\tf_gpu\lib\site-packages\flwr\client\numpy_client.py", line 259, in _fit
    results = self.numpy_client.fit(parameters, ins.config)  # type: ignore
  File "C:\Users\clara\Desktop\TFG\Codigo TFG\3.FederatedTraining\client.py", line 28, in fit
    weights = parameters_to_ndarrays(parameters)
  File "C:\Users\clara\anaconda3\envs\tf_gpu\lib\site-packages\flwr\common\parameter.py", line 34, in parameters_to_ndarrays
    return [bytes_to_ndarray(tensor) for tensor in parameters.tensors]
AttributeError: 'list' object has no attribute 'tensors'

The above exception was the direct cause of the following exception:

[36mray::ClientAppActor.run()[39m (pid=26248, ip=127.0.0.1, actor_id=4fda38394413103f891989e101000000, repr=<flwr.simulation.ray_transport.ray_actor.ClientAppActor object at 0x000001B98CFB0A60>)
  File "python\ray\_raylet.pyx", line 1856, in ray._raylet.execute_task
  File "python\ray\_raylet.pyx", line 1957, in ray._raylet.execute_task
  File "python\ray\_raylet.pyx", line 1862, in ray._raylet.execute_task
  File "python\ray\_raylet.pyx", line 1803, in ray._raylet.execute_task.function_executor
  File "C:\Users\clara\anaconda3\envs\tf_gpu\lib\site-packages\ray\_private\function_manager.py", line 696, in actor_method_executor
    return method(__ray_actor, *args, **kwargs)
  File "C:\Users\clara\anaconda3\envs\tf_gpu\lib\site-packages\ray\util\tracing\tracing_helper.py", line 467, in _resume_span
    return method(self, *_args, **_kwargs)
  File "C:\Users\clara\anaconda3\envs\tf_gpu\lib\site-packages\flwr\simulation\ray_transport\ray_actor.py", line 63, in run
    raise ClientAppException(str(ex)) from ex
flwr.client.client_app.ClientAppException: 
Exception ClientAppException occurred. Message: 'list' object has no attribute 'tensors'
[2024-12-06 12:14:51,835][flwr][INFO] - aggregate_fit: received 0 results and 1 failures
[2024-12-06 12:15:02,411][flwr][INFO] - fit progress: (7, 0.15107698738574982, {'mae': 0.34617912769317627}, 102.3382739)
[2024-12-06 12:15:02,412][flwr][INFO] - configure_evaluate: strategy sampled 1 clients (out of 1)
[2024-12-06 12:15:04,148][flwr][ERROR] - Traceback (most recent call last):
  File "C:\Users\clara\anaconda3\envs\tf_gpu\lib\site-packages\flwr\simulation\ray_transport\ray_client_proxy.py", line 94, in _submit_job
    out_mssg, updated_context = self.actor_pool.get_client_result(
  File "C:\Users\clara\anaconda3\envs\tf_gpu\lib\site-packages\flwr\simulation\ray_transport\ray_actor.py", line 398, in get_client_result
    return self._fetch_future_result(cid)
  File "C:\Users\clara\anaconda3\envs\tf_gpu\lib\site-packages\flwr\simulation\ray_transport\ray_actor.py", line 279, in _fetch_future_result
    res_cid, out_mssg, updated_context = ray.get(
  File "C:\Users\clara\anaconda3\envs\tf_gpu\lib\site-packages\ray\_private\auto_init_hook.py", line 21, in auto_init_wrapper
    return fn(*args, **kwargs)
  File "C:\Users\clara\anaconda3\envs\tf_gpu\lib\site-packages\ray\_private\client_mode_hook.py", line 103, in wrapper
    return func(*args, **kwargs)
  File "C:\Users\clara\anaconda3\envs\tf_gpu\lib\site-packages\ray\_private\worker.py", line 2753, in get
    values, debugger_breakpoint = worker.get_objects(object_refs, timeout=timeout)
  File "C:\Users\clara\anaconda3\envs\tf_gpu\lib\site-packages\ray\_private\worker.py", line 904, in get_objects
    raise value.as_instanceof_cause()
ray.exceptions.RayTaskError(ClientAppException): [36mray::ClientAppActor.run()[39m (pid=26248, ip=127.0.0.1, actor_id=4fda38394413103f891989e101000000, repr=<flwr.simulation.ray_transport.ray_actor.ClientAppActor object at 0x000001B98CFB0A60>)
  File "C:\Users\clara\anaconda3\envs\tf_gpu\lib\site-packages\flwr\client\client_app.py", line 143, in __call__
    return self._call(message, context)
  File "C:\Users\clara\anaconda3\envs\tf_gpu\lib\site-packages\flwr\client\client_app.py", line 126, in ffn
    out_message = handle_legacy_message_from_msgtype(
  File "C:\Users\clara\anaconda3\envs\tf_gpu\lib\site-packages\flwr\client\message_handler\message_handler.py", line 136, in handle_legacy_message_from_msgtype
    evaluate_res = maybe_call_evaluate(
  File "C:\Users\clara\anaconda3\envs\tf_gpu\lib\site-packages\flwr\client\client.py", line 275, in maybe_call_evaluate
    return client.evaluate(evaluate_ins)
  File "C:\Users\clara\anaconda3\envs\tf_gpu\lib\site-packages\flwr\client\numpy_client.py", line 283, in _evaluate
    results = self.numpy_client.evaluate(parameters, ins.config)  # type: ignore
  File "C:\Users\clara\Desktop\TFG\Codigo TFG\3.FederatedTraining\client.py", line 42, in evaluate
    loss, accuracy = self.model.evaluate(self.x_test, self.y_test)
  File "C:\Users\clara\anaconda3\envs\tf_gpu\lib\site-packages\keras\src\utils\traceback_utils.py", line 122, in error_handler
    raise e.with_traceback(filtered_tb) from None
  File "C:\Users\clara\anaconda3\envs\tf_gpu\lib\site-packages\keras\src\trainers\data_adapters\data_adapter_utils.py", line 114, in check_data_cardinality
    raise ValueError(msg)
ValueError: Data cardinality is ambiguous. Make sure all arrays contain the same number of samples.'x' sizes: 16899
'y' sizes: 4212


The above exception was the direct cause of the following exception:

[36mray::ClientAppActor.run()[39m (pid=26248, ip=127.0.0.1, actor_id=4fda38394413103f891989e101000000, repr=<flwr.simulation.ray_transport.ray_actor.ClientAppActor object at 0x000001B98CFB0A60>)
  File "python\ray\_raylet.pyx", line 1856, in ray._raylet.execute_task
  File "python\ray\_raylet.pyx", line 1957, in ray._raylet.execute_task
  File "python\ray\_raylet.pyx", line 1862, in ray._raylet.execute_task
  File "python\ray\_raylet.pyx", line 1803, in ray._raylet.execute_task.function_executor
  File "C:\Users\clara\anaconda3\envs\tf_gpu\lib\site-packages\ray\_private\function_manager.py", line 696, in actor_method_executor
    return method(__ray_actor, *args, **kwargs)
  File "C:\Users\clara\anaconda3\envs\tf_gpu\lib\site-packages\ray\util\tracing\tracing_helper.py", line 467, in _resume_span
    return method(self, *_args, **_kwargs)
  File "C:\Users\clara\anaconda3\envs\tf_gpu\lib\site-packages\flwr\simulation\ray_transport\ray_actor.py", line 63, in run
    raise ClientAppException(str(ex)) from ex
flwr.client.client_app.ClientAppException: 
Exception ClientAppException occurred. Message: Data cardinality is ambiguous. Make sure all arrays contain the same number of samples.'x' sizes: 16899
'y' sizes: 4212

[2024-12-06 12:15:04,160][flwr][ERROR] - [36mray::ClientAppActor.run()[39m (pid=26248, ip=127.0.0.1, actor_id=4fda38394413103f891989e101000000, repr=<flwr.simulation.ray_transport.ray_actor.ClientAppActor object at 0x000001B98CFB0A60>)
  File "C:\Users\clara\anaconda3\envs\tf_gpu\lib\site-packages\flwr\client\client_app.py", line 143, in __call__
    return self._call(message, context)
  File "C:\Users\clara\anaconda3\envs\tf_gpu\lib\site-packages\flwr\client\client_app.py", line 126, in ffn
    out_message = handle_legacy_message_from_msgtype(
  File "C:\Users\clara\anaconda3\envs\tf_gpu\lib\site-packages\flwr\client\message_handler\message_handler.py", line 136, in handle_legacy_message_from_msgtype
    evaluate_res = maybe_call_evaluate(
  File "C:\Users\clara\anaconda3\envs\tf_gpu\lib\site-packages\flwr\client\client.py", line 275, in maybe_call_evaluate
    return client.evaluate(evaluate_ins)
  File "C:\Users\clara\anaconda3\envs\tf_gpu\lib\site-packages\flwr\client\numpy_client.py", line 283, in _evaluate
    results = self.numpy_client.evaluate(parameters, ins.config)  # type: ignore
  File "C:\Users\clara\Desktop\TFG\Codigo TFG\3.FederatedTraining\client.py", line 42, in evaluate
    loss, accuracy = self.model.evaluate(self.x_test, self.y_test)
  File "C:\Users\clara\anaconda3\envs\tf_gpu\lib\site-packages\keras\src\utils\traceback_utils.py", line 122, in error_handler
    raise e.with_traceback(filtered_tb) from None
  File "C:\Users\clara\anaconda3\envs\tf_gpu\lib\site-packages\keras\src\trainers\data_adapters\data_adapter_utils.py", line 114, in check_data_cardinality
    raise ValueError(msg)
ValueError: Data cardinality is ambiguous. Make sure all arrays contain the same number of samples.'x' sizes: 16899
'y' sizes: 4212


The above exception was the direct cause of the following exception:

[36mray::ClientAppActor.run()[39m (pid=26248, ip=127.0.0.1, actor_id=4fda38394413103f891989e101000000, repr=<flwr.simulation.ray_transport.ray_actor.ClientAppActor object at 0x000001B98CFB0A60>)
  File "python\ray\_raylet.pyx", line 1856, in ray._raylet.execute_task
  File "python\ray\_raylet.pyx", line 1957, in ray._raylet.execute_task
  File "python\ray\_raylet.pyx", line 1862, in ray._raylet.execute_task
  File "python\ray\_raylet.pyx", line 1803, in ray._raylet.execute_task.function_executor
  File "C:\Users\clara\anaconda3\envs\tf_gpu\lib\site-packages\ray\_private\function_manager.py", line 696, in actor_method_executor
    return method(__ray_actor, *args, **kwargs)
  File "C:\Users\clara\anaconda3\envs\tf_gpu\lib\site-packages\ray\util\tracing\tracing_helper.py", line 467, in _resume_span
    return method(self, *_args, **_kwargs)
  File "C:\Users\clara\anaconda3\envs\tf_gpu\lib\site-packages\flwr\simulation\ray_transport\ray_actor.py", line 63, in run
    raise ClientAppException(str(ex)) from ex
flwr.client.client_app.ClientAppException: 
Exception ClientAppException occurred. Message: Data cardinality is ambiguous. Make sure all arrays contain the same number of samples.'x' sizes: 16899
'y' sizes: 4212
[2024-12-06 12:15:04,168][flwr][INFO] - aggregate_evaluate: received 0 results and 1 failures
[2024-12-06 12:15:04,169][flwr][INFO] - 
[2024-12-06 12:15:04,169][flwr][INFO] - [ROUND 8]
[2024-12-06 12:15:04,170][flwr][INFO] - configure_fit: strategy sampled 1 clients (out of 1)
[2024-12-06 12:15:05,793][flwr][ERROR] - Traceback (most recent call last):
  File "C:\Users\clara\anaconda3\envs\tf_gpu\lib\site-packages\flwr\simulation\ray_transport\ray_client_proxy.py", line 94, in _submit_job
    out_mssg, updated_context = self.actor_pool.get_client_result(
  File "C:\Users\clara\anaconda3\envs\tf_gpu\lib\site-packages\flwr\simulation\ray_transport\ray_actor.py", line 398, in get_client_result
    return self._fetch_future_result(cid)
  File "C:\Users\clara\anaconda3\envs\tf_gpu\lib\site-packages\flwr\simulation\ray_transport\ray_actor.py", line 279, in _fetch_future_result
    res_cid, out_mssg, updated_context = ray.get(
  File "C:\Users\clara\anaconda3\envs\tf_gpu\lib\site-packages\ray\_private\auto_init_hook.py", line 21, in auto_init_wrapper
    return fn(*args, **kwargs)
  File "C:\Users\clara\anaconda3\envs\tf_gpu\lib\site-packages\ray\_private\client_mode_hook.py", line 103, in wrapper
    return func(*args, **kwargs)
  File "C:\Users\clara\anaconda3\envs\tf_gpu\lib\site-packages\ray\_private\worker.py", line 2753, in get
    values, debugger_breakpoint = worker.get_objects(object_refs, timeout=timeout)
  File "C:\Users\clara\anaconda3\envs\tf_gpu\lib\site-packages\ray\_private\worker.py", line 904, in get_objects
    raise value.as_instanceof_cause()
ray.exceptions.RayTaskError(ClientAppException): [36mray::ClientAppActor.run()[39m (pid=26248, ip=127.0.0.1, actor_id=4fda38394413103f891989e101000000, repr=<flwr.simulation.ray_transport.ray_actor.ClientAppActor object at 0x000001B98CFB0A60>)
  File "C:\Users\clara\anaconda3\envs\tf_gpu\lib\site-packages\flwr\client\client_app.py", line 143, in __call__
    return self._call(message, context)
  File "C:\Users\clara\anaconda3\envs\tf_gpu\lib\site-packages\flwr\client\client_app.py", line 126, in ffn
    out_message = handle_legacy_message_from_msgtype(
  File "C:\Users\clara\anaconda3\envs\tf_gpu\lib\site-packages\flwr\client\message_handler\message_handler.py", line 129, in handle_legacy_message_from_msgtype
    fit_res = maybe_call_fit(
  File "C:\Users\clara\anaconda3\envs\tf_gpu\lib\site-packages\flwr\client\client.py", line 255, in maybe_call_fit
    return client.fit(fit_ins)
  File "C:\Users\clara\anaconda3\envs\tf_gpu\lib\site-packages\flwr\client\numpy_client.py", line 259, in _fit
    results = self.numpy_client.fit(parameters, ins.config)  # type: ignore
  File "C:\Users\clara\Desktop\TFG\Codigo TFG\3.FederatedTraining\client.py", line 28, in fit
    weights = parameters_to_ndarrays(parameters)
  File "C:\Users\clara\anaconda3\envs\tf_gpu\lib\site-packages\flwr\common\parameter.py", line 34, in parameters_to_ndarrays
    return [bytes_to_ndarray(tensor) for tensor in parameters.tensors]
AttributeError: 'list' object has no attribute 'tensors'

The above exception was the direct cause of the following exception:

[36mray::ClientAppActor.run()[39m (pid=26248, ip=127.0.0.1, actor_id=4fda38394413103f891989e101000000, repr=<flwr.simulation.ray_transport.ray_actor.ClientAppActor object at 0x000001B98CFB0A60>)
  File "python\ray\_raylet.pyx", line 1856, in ray._raylet.execute_task
  File "python\ray\_raylet.pyx", line 1957, in ray._raylet.execute_task
  File "python\ray\_raylet.pyx", line 1862, in ray._raylet.execute_task
  File "python\ray\_raylet.pyx", line 1803, in ray._raylet.execute_task.function_executor
  File "C:\Users\clara\anaconda3\envs\tf_gpu\lib\site-packages\ray\_private\function_manager.py", line 696, in actor_method_executor
    return method(__ray_actor, *args, **kwargs)
  File "C:\Users\clara\anaconda3\envs\tf_gpu\lib\site-packages\ray\util\tracing\tracing_helper.py", line 467, in _resume_span
    return method(self, *_args, **_kwargs)
  File "C:\Users\clara\anaconda3\envs\tf_gpu\lib\site-packages\flwr\simulation\ray_transport\ray_actor.py", line 63, in run
    raise ClientAppException(str(ex)) from ex
flwr.client.client_app.ClientAppException: 
Exception ClientAppException occurred. Message: 'list' object has no attribute 'tensors'

[2024-12-06 12:15:05,802][flwr][ERROR] - [36mray::ClientAppActor.run()[39m (pid=26248, ip=127.0.0.1, actor_id=4fda38394413103f891989e101000000, repr=<flwr.simulation.ray_transport.ray_actor.ClientAppActor object at 0x000001B98CFB0A60>)
  File "C:\Users\clara\anaconda3\envs\tf_gpu\lib\site-packages\flwr\client\client_app.py", line 143, in __call__
    return self._call(message, context)
  File "C:\Users\clara\anaconda3\envs\tf_gpu\lib\site-packages\flwr\client\client_app.py", line 126, in ffn
    out_message = handle_legacy_message_from_msgtype(
  File "C:\Users\clara\anaconda3\envs\tf_gpu\lib\site-packages\flwr\client\message_handler\message_handler.py", line 129, in handle_legacy_message_from_msgtype
    fit_res = maybe_call_fit(
  File "C:\Users\clara\anaconda3\envs\tf_gpu\lib\site-packages\flwr\client\client.py", line 255, in maybe_call_fit
    return client.fit(fit_ins)
  File "C:\Users\clara\anaconda3\envs\tf_gpu\lib\site-packages\flwr\client\numpy_client.py", line 259, in _fit
    results = self.numpy_client.fit(parameters, ins.config)  # type: ignore
  File "C:\Users\clara\Desktop\TFG\Codigo TFG\3.FederatedTraining\client.py", line 28, in fit
    weights = parameters_to_ndarrays(parameters)
  File "C:\Users\clara\anaconda3\envs\tf_gpu\lib\site-packages\flwr\common\parameter.py", line 34, in parameters_to_ndarrays
    return [bytes_to_ndarray(tensor) for tensor in parameters.tensors]
AttributeError: 'list' object has no attribute 'tensors'

The above exception was the direct cause of the following exception:

[36mray::ClientAppActor.run()[39m (pid=26248, ip=127.0.0.1, actor_id=4fda38394413103f891989e101000000, repr=<flwr.simulation.ray_transport.ray_actor.ClientAppActor object at 0x000001B98CFB0A60>)
  File "python\ray\_raylet.pyx", line 1856, in ray._raylet.execute_task
  File "python\ray\_raylet.pyx", line 1957, in ray._raylet.execute_task
  File "python\ray\_raylet.pyx", line 1862, in ray._raylet.execute_task
  File "python\ray\_raylet.pyx", line 1803, in ray._raylet.execute_task.function_executor
  File "C:\Users\clara\anaconda3\envs\tf_gpu\lib\site-packages\ray\_private\function_manager.py", line 696, in actor_method_executor
    return method(__ray_actor, *args, **kwargs)
  File "C:\Users\clara\anaconda3\envs\tf_gpu\lib\site-packages\ray\util\tracing\tracing_helper.py", line 467, in _resume_span
    return method(self, *_args, **_kwargs)
  File "C:\Users\clara\anaconda3\envs\tf_gpu\lib\site-packages\flwr\simulation\ray_transport\ray_actor.py", line 63, in run
    raise ClientAppException(str(ex)) from ex
flwr.client.client_app.ClientAppException: 
Exception ClientAppException occurred. Message: 'list' object has no attribute 'tensors'
[2024-12-06 12:15:05,808][flwr][INFO] - aggregate_fit: received 0 results and 1 failures
[2024-12-06 12:15:17,087][flwr][INFO] - fit progress: (8, 0.15107698738574982, {'mae': 0.34617912769317627}, 117.013974)
[2024-12-06 12:15:17,088][flwr][INFO] - configure_evaluate: strategy sampled 1 clients (out of 1)
[2024-12-06 12:15:18,893][flwr][ERROR] - Traceback (most recent call last):
  File "C:\Users\clara\anaconda3\envs\tf_gpu\lib\site-packages\flwr\simulation\ray_transport\ray_client_proxy.py", line 94, in _submit_job
    out_mssg, updated_context = self.actor_pool.get_client_result(
  File "C:\Users\clara\anaconda3\envs\tf_gpu\lib\site-packages\flwr\simulation\ray_transport\ray_actor.py", line 398, in get_client_result
    return self._fetch_future_result(cid)
  File "C:\Users\clara\anaconda3\envs\tf_gpu\lib\site-packages\flwr\simulation\ray_transport\ray_actor.py", line 279, in _fetch_future_result
    res_cid, out_mssg, updated_context = ray.get(
  File "C:\Users\clara\anaconda3\envs\tf_gpu\lib\site-packages\ray\_private\auto_init_hook.py", line 21, in auto_init_wrapper
    return fn(*args, **kwargs)
  File "C:\Users\clara\anaconda3\envs\tf_gpu\lib\site-packages\ray\_private\client_mode_hook.py", line 103, in wrapper
    return func(*args, **kwargs)
  File "C:\Users\clara\anaconda3\envs\tf_gpu\lib\site-packages\ray\_private\worker.py", line 2753, in get
    values, debugger_breakpoint = worker.get_objects(object_refs, timeout=timeout)
  File "C:\Users\clara\anaconda3\envs\tf_gpu\lib\site-packages\ray\_private\worker.py", line 904, in get_objects
    raise value.as_instanceof_cause()
ray.exceptions.RayTaskError(ClientAppException): [36mray::ClientAppActor.run()[39m (pid=26248, ip=127.0.0.1, actor_id=4fda38394413103f891989e101000000, repr=<flwr.simulation.ray_transport.ray_actor.ClientAppActor object at 0x000001B98CFB0A60>)
  File "C:\Users\clara\anaconda3\envs\tf_gpu\lib\site-packages\flwr\client\client_app.py", line 143, in __call__
    return self._call(message, context)
  File "C:\Users\clara\anaconda3\envs\tf_gpu\lib\site-packages\flwr\client\client_app.py", line 126, in ffn
    out_message = handle_legacy_message_from_msgtype(
  File "C:\Users\clara\anaconda3\envs\tf_gpu\lib\site-packages\flwr\client\message_handler\message_handler.py", line 136, in handle_legacy_message_from_msgtype
    evaluate_res = maybe_call_evaluate(
  File "C:\Users\clara\anaconda3\envs\tf_gpu\lib\site-packages\flwr\client\client.py", line 275, in maybe_call_evaluate
    return client.evaluate(evaluate_ins)
  File "C:\Users\clara\anaconda3\envs\tf_gpu\lib\site-packages\flwr\client\numpy_client.py", line 283, in _evaluate
    results = self.numpy_client.evaluate(parameters, ins.config)  # type: ignore
  File "C:\Users\clara\Desktop\TFG\Codigo TFG\3.FederatedTraining\client.py", line 42, in evaluate
    loss, accuracy = self.model.evaluate(self.x_test, self.y_test)
  File "C:\Users\clara\anaconda3\envs\tf_gpu\lib\site-packages\keras\src\utils\traceback_utils.py", line 122, in error_handler
    raise e.with_traceback(filtered_tb) from None
  File "C:\Users\clara\anaconda3\envs\tf_gpu\lib\site-packages\keras\src\trainers\data_adapters\data_adapter_utils.py", line 114, in check_data_cardinality
    raise ValueError(msg)
ValueError: Data cardinality is ambiguous. Make sure all arrays contain the same number of samples.'x' sizes: 16899
'y' sizes: 4212


The above exception was the direct cause of the following exception:

[36mray::ClientAppActor.run()[39m (pid=26248, ip=127.0.0.1, actor_id=4fda38394413103f891989e101000000, repr=<flwr.simulation.ray_transport.ray_actor.ClientAppActor object at 0x000001B98CFB0A60>)
  File "python\ray\_raylet.pyx", line 1856, in ray._raylet.execute_task
  File "python\ray\_raylet.pyx", line 1957, in ray._raylet.execute_task
  File "python\ray\_raylet.pyx", line 1862, in ray._raylet.execute_task
  File "python\ray\_raylet.pyx", line 1803, in ray._raylet.execute_task.function_executor
  File "C:\Users\clara\anaconda3\envs\tf_gpu\lib\site-packages\ray\_private\function_manager.py", line 696, in actor_method_executor
    return method(__ray_actor, *args, **kwargs)
  File "C:\Users\clara\anaconda3\envs\tf_gpu\lib\site-packages\ray\util\tracing\tracing_helper.py", line 467, in _resume_span
    return method(self, *_args, **_kwargs)
  File "C:\Users\clara\anaconda3\envs\tf_gpu\lib\site-packages\flwr\simulation\ray_transport\ray_actor.py", line 63, in run
    raise ClientAppException(str(ex)) from ex
flwr.client.client_app.ClientAppException: 
Exception ClientAppException occurred. Message: Data cardinality is ambiguous. Make sure all arrays contain the same number of samples.'x' sizes: 16899
'y' sizes: 4212

[2024-12-06 12:15:18,905][flwr][ERROR] - [36mray::ClientAppActor.run()[39m (pid=26248, ip=127.0.0.1, actor_id=4fda38394413103f891989e101000000, repr=<flwr.simulation.ray_transport.ray_actor.ClientAppActor object at 0x000001B98CFB0A60>)
  File "C:\Users\clara\anaconda3\envs\tf_gpu\lib\site-packages\flwr\client\client_app.py", line 143, in __call__
    return self._call(message, context)
  File "C:\Users\clara\anaconda3\envs\tf_gpu\lib\site-packages\flwr\client\client_app.py", line 126, in ffn
    out_message = handle_legacy_message_from_msgtype(
  File "C:\Users\clara\anaconda3\envs\tf_gpu\lib\site-packages\flwr\client\message_handler\message_handler.py", line 136, in handle_legacy_message_from_msgtype
    evaluate_res = maybe_call_evaluate(
  File "C:\Users\clara\anaconda3\envs\tf_gpu\lib\site-packages\flwr\client\client.py", line 275, in maybe_call_evaluate
    return client.evaluate(evaluate_ins)
  File "C:\Users\clara\anaconda3\envs\tf_gpu\lib\site-packages\flwr\client\numpy_client.py", line 283, in _evaluate
    results = self.numpy_client.evaluate(parameters, ins.config)  # type: ignore
  File "C:\Users\clara\Desktop\TFG\Codigo TFG\3.FederatedTraining\client.py", line 42, in evaluate
    loss, accuracy = self.model.evaluate(self.x_test, self.y_test)
  File "C:\Users\clara\anaconda3\envs\tf_gpu\lib\site-packages\keras\src\utils\traceback_utils.py", line 122, in error_handler
    raise e.with_traceback(filtered_tb) from None
  File "C:\Users\clara\anaconda3\envs\tf_gpu\lib\site-packages\keras\src\trainers\data_adapters\data_adapter_utils.py", line 114, in check_data_cardinality
    raise ValueError(msg)
ValueError: Data cardinality is ambiguous. Make sure all arrays contain the same number of samples.'x' sizes: 16899
'y' sizes: 4212


The above exception was the direct cause of the following exception:

[36mray::ClientAppActor.run()[39m (pid=26248, ip=127.0.0.1, actor_id=4fda38394413103f891989e101000000, repr=<flwr.simulation.ray_transport.ray_actor.ClientAppActor object at 0x000001B98CFB0A60>)
  File "python\ray\_raylet.pyx", line 1856, in ray._raylet.execute_task
  File "python\ray\_raylet.pyx", line 1957, in ray._raylet.execute_task
  File "python\ray\_raylet.pyx", line 1862, in ray._raylet.execute_task
  File "python\ray\_raylet.pyx", line 1803, in ray._raylet.execute_task.function_executor
  File "C:\Users\clara\anaconda3\envs\tf_gpu\lib\site-packages\ray\_private\function_manager.py", line 696, in actor_method_executor
    return method(__ray_actor, *args, **kwargs)
  File "C:\Users\clara\anaconda3\envs\tf_gpu\lib\site-packages\ray\util\tracing\tracing_helper.py", line 467, in _resume_span
    return method(self, *_args, **_kwargs)
  File "C:\Users\clara\anaconda3\envs\tf_gpu\lib\site-packages\flwr\simulation\ray_transport\ray_actor.py", line 63, in run
    raise ClientAppException(str(ex)) from ex
flwr.client.client_app.ClientAppException: 
Exception ClientAppException occurred. Message: Data cardinality is ambiguous. Make sure all arrays contain the same number of samples.'x' sizes: 16899
'y' sizes: 4212
[2024-12-06 12:15:18,912][flwr][INFO] - aggregate_evaluate: received 0 results and 1 failures
[2024-12-06 12:15:18,913][flwr][INFO] - 
[2024-12-06 12:15:18,914][flwr][INFO] - [ROUND 9]
[2024-12-06 12:15:18,914][flwr][INFO] - configure_fit: strategy sampled 1 clients (out of 1)
[2024-12-06 12:15:20,586][flwr][ERROR] - Traceback (most recent call last):
  File "C:\Users\clara\anaconda3\envs\tf_gpu\lib\site-packages\flwr\simulation\ray_transport\ray_client_proxy.py", line 94, in _submit_job
    out_mssg, updated_context = self.actor_pool.get_client_result(
  File "C:\Users\clara\anaconda3\envs\tf_gpu\lib\site-packages\flwr\simulation\ray_transport\ray_actor.py", line 398, in get_client_result
    return self._fetch_future_result(cid)
  File "C:\Users\clara\anaconda3\envs\tf_gpu\lib\site-packages\flwr\simulation\ray_transport\ray_actor.py", line 279, in _fetch_future_result
    res_cid, out_mssg, updated_context = ray.get(
  File "C:\Users\clara\anaconda3\envs\tf_gpu\lib\site-packages\ray\_private\auto_init_hook.py", line 21, in auto_init_wrapper
    return fn(*args, **kwargs)
  File "C:\Users\clara\anaconda3\envs\tf_gpu\lib\site-packages\ray\_private\client_mode_hook.py", line 103, in wrapper
    return func(*args, **kwargs)
  File "C:\Users\clara\anaconda3\envs\tf_gpu\lib\site-packages\ray\_private\worker.py", line 2753, in get
    values, debugger_breakpoint = worker.get_objects(object_refs, timeout=timeout)
  File "C:\Users\clara\anaconda3\envs\tf_gpu\lib\site-packages\ray\_private\worker.py", line 904, in get_objects
    raise value.as_instanceof_cause()
ray.exceptions.RayTaskError(ClientAppException): [36mray::ClientAppActor.run()[39m (pid=26248, ip=127.0.0.1, actor_id=4fda38394413103f891989e101000000, repr=<flwr.simulation.ray_transport.ray_actor.ClientAppActor object at 0x000001B98CFB0A60>)
  File "C:\Users\clara\anaconda3\envs\tf_gpu\lib\site-packages\flwr\client\client_app.py", line 143, in __call__
    return self._call(message, context)
  File "C:\Users\clara\anaconda3\envs\tf_gpu\lib\site-packages\flwr\client\client_app.py", line 126, in ffn
    out_message = handle_legacy_message_from_msgtype(
  File "C:\Users\clara\anaconda3\envs\tf_gpu\lib\site-packages\flwr\client\message_handler\message_handler.py", line 129, in handle_legacy_message_from_msgtype
    fit_res = maybe_call_fit(
  File "C:\Users\clara\anaconda3\envs\tf_gpu\lib\site-packages\flwr\client\client.py", line 255, in maybe_call_fit
    return client.fit(fit_ins)
  File "C:\Users\clara\anaconda3\envs\tf_gpu\lib\site-packages\flwr\client\numpy_client.py", line 259, in _fit
    results = self.numpy_client.fit(parameters, ins.config)  # type: ignore
  File "C:\Users\clara\Desktop\TFG\Codigo TFG\3.FederatedTraining\client.py", line 28, in fit
    weights = parameters_to_ndarrays(parameters)
  File "C:\Users\clara\anaconda3\envs\tf_gpu\lib\site-packages\flwr\common\parameter.py", line 34, in parameters_to_ndarrays
    return [bytes_to_ndarray(tensor) for tensor in parameters.tensors]
AttributeError: 'list' object has no attribute 'tensors'

The above exception was the direct cause of the following exception:

[36mray::ClientAppActor.run()[39m (pid=26248, ip=127.0.0.1, actor_id=4fda38394413103f891989e101000000, repr=<flwr.simulation.ray_transport.ray_actor.ClientAppActor object at 0x000001B98CFB0A60>)
  File "python\ray\_raylet.pyx", line 1856, in ray._raylet.execute_task
  File "python\ray\_raylet.pyx", line 1957, in ray._raylet.execute_task
  File "python\ray\_raylet.pyx", line 1862, in ray._raylet.execute_task
  File "python\ray\_raylet.pyx", line 1803, in ray._raylet.execute_task.function_executor
  File "C:\Users\clara\anaconda3\envs\tf_gpu\lib\site-packages\ray\_private\function_manager.py", line 696, in actor_method_executor
    return method(__ray_actor, *args, **kwargs)
  File "C:\Users\clara\anaconda3\envs\tf_gpu\lib\site-packages\ray\util\tracing\tracing_helper.py", line 467, in _resume_span
    return method(self, *_args, **_kwargs)
  File "C:\Users\clara\anaconda3\envs\tf_gpu\lib\site-packages\flwr\simulation\ray_transport\ray_actor.py", line 63, in run
    raise ClientAppException(str(ex)) from ex
flwr.client.client_app.ClientAppException: 
Exception ClientAppException occurred. Message: 'list' object has no attribute 'tensors'

[2024-12-06 12:15:20,601][flwr][ERROR] - [36mray::ClientAppActor.run()[39m (pid=26248, ip=127.0.0.1, actor_id=4fda38394413103f891989e101000000, repr=<flwr.simulation.ray_transport.ray_actor.ClientAppActor object at 0x000001B98CFB0A60>)
  File "C:\Users\clara\anaconda3\envs\tf_gpu\lib\site-packages\flwr\client\client_app.py", line 143, in __call__
    return self._call(message, context)
  File "C:\Users\clara\anaconda3\envs\tf_gpu\lib\site-packages\flwr\client\client_app.py", line 126, in ffn
    out_message = handle_legacy_message_from_msgtype(
  File "C:\Users\clara\anaconda3\envs\tf_gpu\lib\site-packages\flwr\client\message_handler\message_handler.py", line 129, in handle_legacy_message_from_msgtype
    fit_res = maybe_call_fit(
  File "C:\Users\clara\anaconda3\envs\tf_gpu\lib\site-packages\flwr\client\client.py", line 255, in maybe_call_fit
    return client.fit(fit_ins)
  File "C:\Users\clara\anaconda3\envs\tf_gpu\lib\site-packages\flwr\client\numpy_client.py", line 259, in _fit
    results = self.numpy_client.fit(parameters, ins.config)  # type: ignore
  File "C:\Users\clara\Desktop\TFG\Codigo TFG\3.FederatedTraining\client.py", line 28, in fit
    weights = parameters_to_ndarrays(parameters)
  File "C:\Users\clara\anaconda3\envs\tf_gpu\lib\site-packages\flwr\common\parameter.py", line 34, in parameters_to_ndarrays
    return [bytes_to_ndarray(tensor) for tensor in parameters.tensors]
AttributeError: 'list' object has no attribute 'tensors'

The above exception was the direct cause of the following exception:

[36mray::ClientAppActor.run()[39m (pid=26248, ip=127.0.0.1, actor_id=4fda38394413103f891989e101000000, repr=<flwr.simulation.ray_transport.ray_actor.ClientAppActor object at 0x000001B98CFB0A60>)
  File "python\ray\_raylet.pyx", line 1856, in ray._raylet.execute_task
  File "python\ray\_raylet.pyx", line 1957, in ray._raylet.execute_task
  File "python\ray\_raylet.pyx", line 1862, in ray._raylet.execute_task
  File "python\ray\_raylet.pyx", line 1803, in ray._raylet.execute_task.function_executor
  File "C:\Users\clara\anaconda3\envs\tf_gpu\lib\site-packages\ray\_private\function_manager.py", line 696, in actor_method_executor
    return method(__ray_actor, *args, **kwargs)
  File "C:\Users\clara\anaconda3\envs\tf_gpu\lib\site-packages\ray\util\tracing\tracing_helper.py", line 467, in _resume_span
    return method(self, *_args, **_kwargs)
  File "C:\Users\clara\anaconda3\envs\tf_gpu\lib\site-packages\flwr\simulation\ray_transport\ray_actor.py", line 63, in run
    raise ClientAppException(str(ex)) from ex
flwr.client.client_app.ClientAppException: 
Exception ClientAppException occurred. Message: 'list' object has no attribute 'tensors'
[2024-12-06 12:15:20,610][flwr][INFO] - aggregate_fit: received 0 results and 1 failures
[2024-12-06 12:15:31,197][flwr][INFO] - fit progress: (9, 0.15107698738574982, {'mae': 0.34617912769317627}, 131.12555830000002)
[2024-12-06 12:15:31,199][flwr][INFO] - configure_evaluate: strategy sampled 1 clients (out of 1)
[2024-12-06 12:15:33,109][flwr][ERROR] - Traceback (most recent call last):
  File "C:\Users\clara\anaconda3\envs\tf_gpu\lib\site-packages\flwr\simulation\ray_transport\ray_client_proxy.py", line 94, in _submit_job
    out_mssg, updated_context = self.actor_pool.get_client_result(
  File "C:\Users\clara\anaconda3\envs\tf_gpu\lib\site-packages\flwr\simulation\ray_transport\ray_actor.py", line 398, in get_client_result
    return self._fetch_future_result(cid)
  File "C:\Users\clara\anaconda3\envs\tf_gpu\lib\site-packages\flwr\simulation\ray_transport\ray_actor.py", line 279, in _fetch_future_result
    res_cid, out_mssg, updated_context = ray.get(
  File "C:\Users\clara\anaconda3\envs\tf_gpu\lib\site-packages\ray\_private\auto_init_hook.py", line 21, in auto_init_wrapper
    return fn(*args, **kwargs)
  File "C:\Users\clara\anaconda3\envs\tf_gpu\lib\site-packages\ray\_private\client_mode_hook.py", line 103, in wrapper
    return func(*args, **kwargs)
  File "C:\Users\clara\anaconda3\envs\tf_gpu\lib\site-packages\ray\_private\worker.py", line 2753, in get
    values, debugger_breakpoint = worker.get_objects(object_refs, timeout=timeout)
  File "C:\Users\clara\anaconda3\envs\tf_gpu\lib\site-packages\ray\_private\worker.py", line 904, in get_objects
    raise value.as_instanceof_cause()
ray.exceptions.RayTaskError(ClientAppException): [36mray::ClientAppActor.run()[39m (pid=26248, ip=127.0.0.1, actor_id=4fda38394413103f891989e101000000, repr=<flwr.simulation.ray_transport.ray_actor.ClientAppActor object at 0x000001B98CFB0A60>)
  File "C:\Users\clara\anaconda3\envs\tf_gpu\lib\site-packages\flwr\client\client_app.py", line 143, in __call__
    return self._call(message, context)
  File "C:\Users\clara\anaconda3\envs\tf_gpu\lib\site-packages\flwr\client\client_app.py", line 126, in ffn
    out_message = handle_legacy_message_from_msgtype(
  File "C:\Users\clara\anaconda3\envs\tf_gpu\lib\site-packages\flwr\client\message_handler\message_handler.py", line 136, in handle_legacy_message_from_msgtype
    evaluate_res = maybe_call_evaluate(
  File "C:\Users\clara\anaconda3\envs\tf_gpu\lib\site-packages\flwr\client\client.py", line 275, in maybe_call_evaluate
    return client.evaluate(evaluate_ins)
  File "C:\Users\clara\anaconda3\envs\tf_gpu\lib\site-packages\flwr\client\numpy_client.py", line 283, in _evaluate
    results = self.numpy_client.evaluate(parameters, ins.config)  # type: ignore
  File "C:\Users\clara\Desktop\TFG\Codigo TFG\3.FederatedTraining\client.py", line 42, in evaluate
    loss, accuracy = self.model.evaluate(self.x_test, self.y_test)
  File "C:\Users\clara\anaconda3\envs\tf_gpu\lib\site-packages\keras\src\utils\traceback_utils.py", line 122, in error_handler
    raise e.with_traceback(filtered_tb) from None
  File "C:\Users\clara\anaconda3\envs\tf_gpu\lib\site-packages\keras\src\trainers\data_adapters\data_adapter_utils.py", line 114, in check_data_cardinality
    raise ValueError(msg)
ValueError: Data cardinality is ambiguous. Make sure all arrays contain the same number of samples.'x' sizes: 16899
'y' sizes: 4212


The above exception was the direct cause of the following exception:

[36mray::ClientAppActor.run()[39m (pid=26248, ip=127.0.0.1, actor_id=4fda38394413103f891989e101000000, repr=<flwr.simulation.ray_transport.ray_actor.ClientAppActor object at 0x000001B98CFB0A60>)
  File "python\ray\_raylet.pyx", line 1856, in ray._raylet.execute_task
  File "python\ray\_raylet.pyx", line 1957, in ray._raylet.execute_task
  File "python\ray\_raylet.pyx", line 1862, in ray._raylet.execute_task
  File "python\ray\_raylet.pyx", line 1803, in ray._raylet.execute_task.function_executor
  File "C:\Users\clara\anaconda3\envs\tf_gpu\lib\site-packages\ray\_private\function_manager.py", line 696, in actor_method_executor
    return method(__ray_actor, *args, **kwargs)
  File "C:\Users\clara\anaconda3\envs\tf_gpu\lib\site-packages\ray\util\tracing\tracing_helper.py", line 467, in _resume_span
    return method(self, *_args, **_kwargs)
  File "C:\Users\clara\anaconda3\envs\tf_gpu\lib\site-packages\flwr\simulation\ray_transport\ray_actor.py", line 63, in run
    raise ClientAppException(str(ex)) from ex
flwr.client.client_app.ClientAppException: 
Exception ClientAppException occurred. Message: Data cardinality is ambiguous. Make sure all arrays contain the same number of samples.'x' sizes: 16899
'y' sizes: 4212

[2024-12-06 12:15:33,121][flwr][ERROR] - [36mray::ClientAppActor.run()[39m (pid=26248, ip=127.0.0.1, actor_id=4fda38394413103f891989e101000000, repr=<flwr.simulation.ray_transport.ray_actor.ClientAppActor object at 0x000001B98CFB0A60>)
  File "C:\Users\clara\anaconda3\envs\tf_gpu\lib\site-packages\flwr\client\client_app.py", line 143, in __call__
    return self._call(message, context)
  File "C:\Users\clara\anaconda3\envs\tf_gpu\lib\site-packages\flwr\client\client_app.py", line 126, in ffn
    out_message = handle_legacy_message_from_msgtype(
  File "C:\Users\clara\anaconda3\envs\tf_gpu\lib\site-packages\flwr\client\message_handler\message_handler.py", line 136, in handle_legacy_message_from_msgtype
    evaluate_res = maybe_call_evaluate(
  File "C:\Users\clara\anaconda3\envs\tf_gpu\lib\site-packages\flwr\client\client.py", line 275, in maybe_call_evaluate
    return client.evaluate(evaluate_ins)
  File "C:\Users\clara\anaconda3\envs\tf_gpu\lib\site-packages\flwr\client\numpy_client.py", line 283, in _evaluate
    results = self.numpy_client.evaluate(parameters, ins.config)  # type: ignore
  File "C:\Users\clara\Desktop\TFG\Codigo TFG\3.FederatedTraining\client.py", line 42, in evaluate
    loss, accuracy = self.model.evaluate(self.x_test, self.y_test)
  File "C:\Users\clara\anaconda3\envs\tf_gpu\lib\site-packages\keras\src\utils\traceback_utils.py", line 122, in error_handler
    raise e.with_traceback(filtered_tb) from None
  File "C:\Users\clara\anaconda3\envs\tf_gpu\lib\site-packages\keras\src\trainers\data_adapters\data_adapter_utils.py", line 114, in check_data_cardinality
    raise ValueError(msg)
ValueError: Data cardinality is ambiguous. Make sure all arrays contain the same number of samples.'x' sizes: 16899
'y' sizes: 4212


The above exception was the direct cause of the following exception:

[36mray::ClientAppActor.run()[39m (pid=26248, ip=127.0.0.1, actor_id=4fda38394413103f891989e101000000, repr=<flwr.simulation.ray_transport.ray_actor.ClientAppActor object at 0x000001B98CFB0A60>)
  File "python\ray\_raylet.pyx", line 1856, in ray._raylet.execute_task
  File "python\ray\_raylet.pyx", line 1957, in ray._raylet.execute_task
  File "python\ray\_raylet.pyx", line 1862, in ray._raylet.execute_task
  File "python\ray\_raylet.pyx", line 1803, in ray._raylet.execute_task.function_executor
  File "C:\Users\clara\anaconda3\envs\tf_gpu\lib\site-packages\ray\_private\function_manager.py", line 696, in actor_method_executor
    return method(__ray_actor, *args, **kwargs)
  File "C:\Users\clara\anaconda3\envs\tf_gpu\lib\site-packages\ray\util\tracing\tracing_helper.py", line 467, in _resume_span
    return method(self, *_args, **_kwargs)
  File "C:\Users\clara\anaconda3\envs\tf_gpu\lib\site-packages\flwr\simulation\ray_transport\ray_actor.py", line 63, in run
    raise ClientAppException(str(ex)) from ex
flwr.client.client_app.ClientAppException: 
Exception ClientAppException occurred. Message: Data cardinality is ambiguous. Make sure all arrays contain the same number of samples.'x' sizes: 16899
'y' sizes: 4212
[2024-12-06 12:15:33,128][flwr][INFO] - aggregate_evaluate: received 0 results and 1 failures
[2024-12-06 12:15:33,129][flwr][INFO] - 
[2024-12-06 12:15:33,129][flwr][INFO] - [ROUND 10]
[2024-12-06 12:15:33,129][flwr][INFO] - configure_fit: strategy sampled 1 clients (out of 1)
[2024-12-06 12:15:34,900][flwr][ERROR] - Traceback (most recent call last):
  File "C:\Users\clara\anaconda3\envs\tf_gpu\lib\site-packages\flwr\simulation\ray_transport\ray_client_proxy.py", line 94, in _submit_job
    out_mssg, updated_context = self.actor_pool.get_client_result(
  File "C:\Users\clara\anaconda3\envs\tf_gpu\lib\site-packages\flwr\simulation\ray_transport\ray_actor.py", line 398, in get_client_result
    return self._fetch_future_result(cid)
  File "C:\Users\clara\anaconda3\envs\tf_gpu\lib\site-packages\flwr\simulation\ray_transport\ray_actor.py", line 279, in _fetch_future_result
    res_cid, out_mssg, updated_context = ray.get(
  File "C:\Users\clara\anaconda3\envs\tf_gpu\lib\site-packages\ray\_private\auto_init_hook.py", line 21, in auto_init_wrapper
    return fn(*args, **kwargs)
  File "C:\Users\clara\anaconda3\envs\tf_gpu\lib\site-packages\ray\_private\client_mode_hook.py", line 103, in wrapper
    return func(*args, **kwargs)
  File "C:\Users\clara\anaconda3\envs\tf_gpu\lib\site-packages\ray\_private\worker.py", line 2753, in get
    values, debugger_breakpoint = worker.get_objects(object_refs, timeout=timeout)
  File "C:\Users\clara\anaconda3\envs\tf_gpu\lib\site-packages\ray\_private\worker.py", line 904, in get_objects
    raise value.as_instanceof_cause()
ray.exceptions.RayTaskError(ClientAppException): [36mray::ClientAppActor.run()[39m (pid=26248, ip=127.0.0.1, actor_id=4fda38394413103f891989e101000000, repr=<flwr.simulation.ray_transport.ray_actor.ClientAppActor object at 0x000001B98CFB0A60>)
  File "C:\Users\clara\anaconda3\envs\tf_gpu\lib\site-packages\flwr\client\client_app.py", line 143, in __call__
    return self._call(message, context)
  File "C:\Users\clara\anaconda3\envs\tf_gpu\lib\site-packages\flwr\client\client_app.py", line 126, in ffn
    out_message = handle_legacy_message_from_msgtype(
  File "C:\Users\clara\anaconda3\envs\tf_gpu\lib\site-packages\flwr\client\message_handler\message_handler.py", line 129, in handle_legacy_message_from_msgtype
    fit_res = maybe_call_fit(
  File "C:\Users\clara\anaconda3\envs\tf_gpu\lib\site-packages\flwr\client\client.py", line 255, in maybe_call_fit
    return client.fit(fit_ins)
  File "C:\Users\clara\anaconda3\envs\tf_gpu\lib\site-packages\flwr\client\numpy_client.py", line 259, in _fit
    results = self.numpy_client.fit(parameters, ins.config)  # type: ignore
  File "C:\Users\clara\Desktop\TFG\Codigo TFG\3.FederatedTraining\client.py", line 28, in fit
    weights = parameters_to_ndarrays(parameters)
  File "C:\Users\clara\anaconda3\envs\tf_gpu\lib\site-packages\flwr\common\parameter.py", line 34, in parameters_to_ndarrays
    return [bytes_to_ndarray(tensor) for tensor in parameters.tensors]
AttributeError: 'list' object has no attribute 'tensors'

The above exception was the direct cause of the following exception:

[36mray::ClientAppActor.run()[39m (pid=26248, ip=127.0.0.1, actor_id=4fda38394413103f891989e101000000, repr=<flwr.simulation.ray_transport.ray_actor.ClientAppActor object at 0x000001B98CFB0A60>)
  File "python\ray\_raylet.pyx", line 1856, in ray._raylet.execute_task
  File "python\ray\_raylet.pyx", line 1957, in ray._raylet.execute_task
  File "python\ray\_raylet.pyx", line 1862, in ray._raylet.execute_task
  File "python\ray\_raylet.pyx", line 1803, in ray._raylet.execute_task.function_executor
  File "C:\Users\clara\anaconda3\envs\tf_gpu\lib\site-packages\ray\_private\function_manager.py", line 696, in actor_method_executor
    return method(__ray_actor, *args, **kwargs)
  File "C:\Users\clara\anaconda3\envs\tf_gpu\lib\site-packages\ray\util\tracing\tracing_helper.py", line 467, in _resume_span
    return method(self, *_args, **_kwargs)
  File "C:\Users\clara\anaconda3\envs\tf_gpu\lib\site-packages\flwr\simulation\ray_transport\ray_actor.py", line 63, in run
    raise ClientAppException(str(ex)) from ex
flwr.client.client_app.ClientAppException: 
Exception ClientAppException occurred. Message: 'list' object has no attribute 'tensors'

[2024-12-06 12:15:34,910][flwr][ERROR] - [36mray::ClientAppActor.run()[39m (pid=26248, ip=127.0.0.1, actor_id=4fda38394413103f891989e101000000, repr=<flwr.simulation.ray_transport.ray_actor.ClientAppActor object at 0x000001B98CFB0A60>)
  File "C:\Users\clara\anaconda3\envs\tf_gpu\lib\site-packages\flwr\client\client_app.py", line 143, in __call__
    return self._call(message, context)
  File "C:\Users\clara\anaconda3\envs\tf_gpu\lib\site-packages\flwr\client\client_app.py", line 126, in ffn
    out_message = handle_legacy_message_from_msgtype(
  File "C:\Users\clara\anaconda3\envs\tf_gpu\lib\site-packages\flwr\client\message_handler\message_handler.py", line 129, in handle_legacy_message_from_msgtype
    fit_res = maybe_call_fit(
  File "C:\Users\clara\anaconda3\envs\tf_gpu\lib\site-packages\flwr\client\client.py", line 255, in maybe_call_fit
    return client.fit(fit_ins)
  File "C:\Users\clara\anaconda3\envs\tf_gpu\lib\site-packages\flwr\client\numpy_client.py", line 259, in _fit
    results = self.numpy_client.fit(parameters, ins.config)  # type: ignore
  File "C:\Users\clara\Desktop\TFG\Codigo TFG\3.FederatedTraining\client.py", line 28, in fit
    weights = parameters_to_ndarrays(parameters)
  File "C:\Users\clara\anaconda3\envs\tf_gpu\lib\site-packages\flwr\common\parameter.py", line 34, in parameters_to_ndarrays
    return [bytes_to_ndarray(tensor) for tensor in parameters.tensors]
AttributeError: 'list' object has no attribute 'tensors'

The above exception was the direct cause of the following exception:

[36mray::ClientAppActor.run()[39m (pid=26248, ip=127.0.0.1, actor_id=4fda38394413103f891989e101000000, repr=<flwr.simulation.ray_transport.ray_actor.ClientAppActor object at 0x000001B98CFB0A60>)
  File "python\ray\_raylet.pyx", line 1856, in ray._raylet.execute_task
  File "python\ray\_raylet.pyx", line 1957, in ray._raylet.execute_task
  File "python\ray\_raylet.pyx", line 1862, in ray._raylet.execute_task
  File "python\ray\_raylet.pyx", line 1803, in ray._raylet.execute_task.function_executor
  File "C:\Users\clara\anaconda3\envs\tf_gpu\lib\site-packages\ray\_private\function_manager.py", line 696, in actor_method_executor
    return method(__ray_actor, *args, **kwargs)
  File "C:\Users\clara\anaconda3\envs\tf_gpu\lib\site-packages\ray\util\tracing\tracing_helper.py", line 467, in _resume_span
    return method(self, *_args, **_kwargs)
  File "C:\Users\clara\anaconda3\envs\tf_gpu\lib\site-packages\flwr\simulation\ray_transport\ray_actor.py", line 63, in run
    raise ClientAppException(str(ex)) from ex
flwr.client.client_app.ClientAppException: 
Exception ClientAppException occurred. Message: 'list' object has no attribute 'tensors'
[2024-12-06 12:15:34,919][flwr][INFO] - aggregate_fit: received 0 results and 1 failures
[2024-12-06 12:15:45,263][flwr][INFO] - fit progress: (10, 0.15107698738574982, {'mae': 0.34617912769317627}, 145.19118759999998)
[2024-12-06 12:15:45,265][flwr][INFO] - configure_evaluate: strategy sampled 1 clients (out of 1)
[2024-12-06 12:15:46,860][flwr][ERROR] - Traceback (most recent call last):
  File "C:\Users\clara\anaconda3\envs\tf_gpu\lib\site-packages\flwr\simulation\ray_transport\ray_client_proxy.py", line 94, in _submit_job
    out_mssg, updated_context = self.actor_pool.get_client_result(
  File "C:\Users\clara\anaconda3\envs\tf_gpu\lib\site-packages\flwr\simulation\ray_transport\ray_actor.py", line 398, in get_client_result
    return self._fetch_future_result(cid)
  File "C:\Users\clara\anaconda3\envs\tf_gpu\lib\site-packages\flwr\simulation\ray_transport\ray_actor.py", line 279, in _fetch_future_result
    res_cid, out_mssg, updated_context = ray.get(
  File "C:\Users\clara\anaconda3\envs\tf_gpu\lib\site-packages\ray\_private\auto_init_hook.py", line 21, in auto_init_wrapper
    return fn(*args, **kwargs)
  File "C:\Users\clara\anaconda3\envs\tf_gpu\lib\site-packages\ray\_private\client_mode_hook.py", line 103, in wrapper
    return func(*args, **kwargs)
  File "C:\Users\clara\anaconda3\envs\tf_gpu\lib\site-packages\ray\_private\worker.py", line 2753, in get
    values, debugger_breakpoint = worker.get_objects(object_refs, timeout=timeout)
  File "C:\Users\clara\anaconda3\envs\tf_gpu\lib\site-packages\ray\_private\worker.py", line 904, in get_objects
    raise value.as_instanceof_cause()
ray.exceptions.RayTaskError(ClientAppException): [36mray::ClientAppActor.run()[39m (pid=26248, ip=127.0.0.1, actor_id=4fda38394413103f891989e101000000, repr=<flwr.simulation.ray_transport.ray_actor.ClientAppActor object at 0x000001B98CFB0A60>)
  File "C:\Users\clara\anaconda3\envs\tf_gpu\lib\site-packages\flwr\client\client_app.py", line 143, in __call__
    return self._call(message, context)
  File "C:\Users\clara\anaconda3\envs\tf_gpu\lib\site-packages\flwr\client\client_app.py", line 126, in ffn
    out_message = handle_legacy_message_from_msgtype(
  File "C:\Users\clara\anaconda3\envs\tf_gpu\lib\site-packages\flwr\client\message_handler\message_handler.py", line 136, in handle_legacy_message_from_msgtype
    evaluate_res = maybe_call_evaluate(
  File "C:\Users\clara\anaconda3\envs\tf_gpu\lib\site-packages\flwr\client\client.py", line 275, in maybe_call_evaluate
    return client.evaluate(evaluate_ins)
  File "C:\Users\clara\anaconda3\envs\tf_gpu\lib\site-packages\flwr\client\numpy_client.py", line 283, in _evaluate
    results = self.numpy_client.evaluate(parameters, ins.config)  # type: ignore
  File "C:\Users\clara\Desktop\TFG\Codigo TFG\3.FederatedTraining\client.py", line 42, in evaluate
    loss, accuracy = self.model.evaluate(self.x_test, self.y_test)
  File "C:\Users\clara\anaconda3\envs\tf_gpu\lib\site-packages\keras\src\utils\traceback_utils.py", line 122, in error_handler
    raise e.with_traceback(filtered_tb) from None
  File "C:\Users\clara\anaconda3\envs\tf_gpu\lib\site-packages\keras\src\trainers\data_adapters\data_adapter_utils.py", line 114, in check_data_cardinality
    raise ValueError(msg)
ValueError: Data cardinality is ambiguous. Make sure all arrays contain the same number of samples.'x' sizes: 16899
'y' sizes: 4212


The above exception was the direct cause of the following exception:

[36mray::ClientAppActor.run()[39m (pid=26248, ip=127.0.0.1, actor_id=4fda38394413103f891989e101000000, repr=<flwr.simulation.ray_transport.ray_actor.ClientAppActor object at 0x000001B98CFB0A60>)
  File "python\ray\_raylet.pyx", line 1856, in ray._raylet.execute_task
  File "python\ray\_raylet.pyx", line 1957, in ray._raylet.execute_task
  File "python\ray\_raylet.pyx", line 1862, in ray._raylet.execute_task
  File "python\ray\_raylet.pyx", line 1803, in ray._raylet.execute_task.function_executor
  File "C:\Users\clara\anaconda3\envs\tf_gpu\lib\site-packages\ray\_private\function_manager.py", line 696, in actor_method_executor
    return method(__ray_actor, *args, **kwargs)
  File "C:\Users\clara\anaconda3\envs\tf_gpu\lib\site-packages\ray\util\tracing\tracing_helper.py", line 467, in _resume_span
    return method(self, *_args, **_kwargs)
  File "C:\Users\clara\anaconda3\envs\tf_gpu\lib\site-packages\flwr\simulation\ray_transport\ray_actor.py", line 63, in run
    raise ClientAppException(str(ex)) from ex
flwr.client.client_app.ClientAppException: 
Exception ClientAppException occurred. Message: Data cardinality is ambiguous. Make sure all arrays contain the same number of samples.'x' sizes: 16899
'y' sizes: 4212

[2024-12-06 12:15:46,872][flwr][ERROR] - [36mray::ClientAppActor.run()[39m (pid=26248, ip=127.0.0.1, actor_id=4fda38394413103f891989e101000000, repr=<flwr.simulation.ray_transport.ray_actor.ClientAppActor object at 0x000001B98CFB0A60>)
  File "C:\Users\clara\anaconda3\envs\tf_gpu\lib\site-packages\flwr\client\client_app.py", line 143, in __call__
    return self._call(message, context)
  File "C:\Users\clara\anaconda3\envs\tf_gpu\lib\site-packages\flwr\client\client_app.py", line 126, in ffn
    out_message = handle_legacy_message_from_msgtype(
  File "C:\Users\clara\anaconda3\envs\tf_gpu\lib\site-packages\flwr\client\message_handler\message_handler.py", line 136, in handle_legacy_message_from_msgtype
    evaluate_res = maybe_call_evaluate(
  File "C:\Users\clara\anaconda3\envs\tf_gpu\lib\site-packages\flwr\client\client.py", line 275, in maybe_call_evaluate
    return client.evaluate(evaluate_ins)
  File "C:\Users\clara\anaconda3\envs\tf_gpu\lib\site-packages\flwr\client\numpy_client.py", line 283, in _evaluate
    results = self.numpy_client.evaluate(parameters, ins.config)  # type: ignore
  File "C:\Users\clara\Desktop\TFG\Codigo TFG\3.FederatedTraining\client.py", line 42, in evaluate
    loss, accuracy = self.model.evaluate(self.x_test, self.y_test)
  File "C:\Users\clara\anaconda3\envs\tf_gpu\lib\site-packages\keras\src\utils\traceback_utils.py", line 122, in error_handler
    raise e.with_traceback(filtered_tb) from None
  File "C:\Users\clara\anaconda3\envs\tf_gpu\lib\site-packages\keras\src\trainers\data_adapters\data_adapter_utils.py", line 114, in check_data_cardinality
    raise ValueError(msg)
ValueError: Data cardinality is ambiguous. Make sure all arrays contain the same number of samples.'x' sizes: 16899
'y' sizes: 4212


The above exception was the direct cause of the following exception:

[36mray::ClientAppActor.run()[39m (pid=26248, ip=127.0.0.1, actor_id=4fda38394413103f891989e101000000, repr=<flwr.simulation.ray_transport.ray_actor.ClientAppActor object at 0x000001B98CFB0A60>)
  File "python\ray\_raylet.pyx", line 1856, in ray._raylet.execute_task
  File "python\ray\_raylet.pyx", line 1957, in ray._raylet.execute_task
  File "python\ray\_raylet.pyx", line 1862, in ray._raylet.execute_task
  File "python\ray\_raylet.pyx", line 1803, in ray._raylet.execute_task.function_executor
  File "C:\Users\clara\anaconda3\envs\tf_gpu\lib\site-packages\ray\_private\function_manager.py", line 696, in actor_method_executor
    return method(__ray_actor, *args, **kwargs)
  File "C:\Users\clara\anaconda3\envs\tf_gpu\lib\site-packages\ray\util\tracing\tracing_helper.py", line 467, in _resume_span
    return method(self, *_args, **_kwargs)
  File "C:\Users\clara\anaconda3\envs\tf_gpu\lib\site-packages\flwr\simulation\ray_transport\ray_actor.py", line 63, in run
    raise ClientAppException(str(ex)) from ex
flwr.client.client_app.ClientAppException: 
Exception ClientAppException occurred. Message: Data cardinality is ambiguous. Make sure all arrays contain the same number of samples.'x' sizes: 16899
'y' sizes: 4212
[2024-12-06 12:15:46,880][flwr][INFO] - aggregate_evaluate: received 0 results and 1 failures
[2024-12-06 12:15:46,881][flwr][INFO] - 
[2024-12-06 12:15:46,882][flwr][INFO] - [SUMMARY]
[2024-12-06 12:15:46,882][flwr][INFO] - Run finished 10 round(s) in 146.81s
[2024-12-06 12:15:46,883][flwr][INFO] - 	History (loss, centralized):
[2024-12-06 12:15:46,884][flwr][INFO] - 		round 0: 0.15107698738574982
[2024-12-06 12:15:46,885][flwr][INFO] - 		round 1: 0.15107698738574982
[2024-12-06 12:15:46,885][flwr][INFO] - 		round 2: 0.15107698738574982
[2024-12-06 12:15:46,886][flwr][INFO] - 		round 3: 0.15107698738574982
[2024-12-06 12:15:46,886][flwr][INFO] - 		round 4: 0.15107698738574982
[2024-12-06 12:15:46,887][flwr][INFO] - 		round 5: 0.15107698738574982
[2024-12-06 12:15:46,887][flwr][INFO] - 		round 6: 0.15107698738574982
[2024-12-06 12:15:46,888][flwr][INFO] - 		round 7: 0.15107698738574982
[2024-12-06 12:15:46,888][flwr][INFO] - 		round 8: 0.15107698738574982
[2024-12-06 12:15:46,889][flwr][INFO] - 		round 9: 0.15107698738574982
[2024-12-06 12:15:46,889][flwr][INFO] - 		round 10: 0.15107698738574982
[2024-12-06 12:15:46,890][flwr][INFO] - 	History (metrics, centralized):
[2024-12-06 12:15:46,890][flwr][INFO] - 	{'mae': [(0, 0.34617912769317627),
[2024-12-06 12:15:46,891][flwr][INFO] - 	         (1, 0.34617912769317627),
[2024-12-06 12:15:46,891][flwr][INFO] - 	         (2, 0.34617912769317627),
[2024-12-06 12:15:46,892][flwr][INFO] - 	         (3, 0.34617912769317627),
[2024-12-06 12:15:46,892][flwr][INFO] - 	         (4, 0.34617912769317627),
[2024-12-06 12:15:46,893][flwr][INFO] - 	         (5, 0.34617912769317627),
[2024-12-06 12:15:46,893][flwr][INFO] - 	         (6, 0.34617912769317627),
[2024-12-06 12:15:46,894][flwr][INFO] - 	         (7, 0.34617912769317627),
[2024-12-06 12:15:46,894][flwr][INFO] - 	         (8, 0.34617912769317627),
[2024-12-06 12:15:46,895][flwr][INFO] - 	         (9, 0.34617912769317627),
[2024-12-06 12:15:46,895][flwr][INFO] - 	         (10, 0.34617912769317627)]}
[2024-12-06 12:15:46,896][flwr][INFO] - 
